[018月2026 03:35:00.851] [main/INFO] [cpw.mods.modlauncher.Launcher/MODLAUNCHER]: ModLauncher running: args [--launchTarget, forgeclientuserdev, --version, MOD_DEV, --assetIndex, 5, --assetsDir, C:\Users\81808\.gradle\caches\forge_gradle\assets, --gameDir, ., --fml.forgeVersion, 47.4.22, --fml.mcVersion, 1.20.1, --fml.forgeGroup, net.minecraftforge, --fml.mcpVersion, 20230612.114412]
[018月2026 03:35:00.861] [main/INFO] [cpw.mods.modlauncher.Launcher/MODLAUNCHER]: ModLauncher 10.0.9+10.0.9+main.dcd20f30 starting: java version 17.0.20 by Microsoft; OS Windows 11 arch amd64 version 10.0
[018月2026 03:35:00.921] [main/DEBUG] [cpw.mods.modlauncher.LaunchServiceHandler/MODLAUNCHER]: Found launch services [fmlclientdev,forgeclient,minecraft,forgegametestserverdev,fmlserveruserdev,fmlclient,fmldatauserdev,forgeserverdev,forgeserveruserdev,forgeclientdev,forgeclientuserdev,forgeserver,forgedatadev,fmlserver,fmlclientuserdev,fmlserverdev,forgedatauserdev,testharness,forgegametestserveruserdev]
[018月2026 03:35:00.950] [main/DEBUG] [cpw.mods.modlauncher.NameMappingServiceHandler/MODLAUNCHER]: Found naming services : [srgtomcp]
[018月2026 03:35:00.990] [main/DEBUG] [cpw.mods.modlauncher.LaunchPluginHandler/MODLAUNCHER]: Found launch plugins: [mixin,eventbus,slf4jfixer,object_holder_definalize,runtime_enum_extender,capability_token_subclass,accesstransformer,runtimedistcleaner]
[018月2026 03:35:01.015] [main/DEBUG] [cpw.mods.modlauncher.TransformationServicesHandler/MODLAUNCHER]: Discovering transformation services
[018月2026 03:35:01.032] [main/DEBUG] [net.minecraftforge.fml.loading.FMLPaths/CORE]: Path GAMEDIR is C:\Users\81808\Downloads\astral_mekanism_more_machine\run
[018月2026 03:35:01.034] [main/DEBUG] [net.minecraftforge.fml.loading.FMLPaths/CORE]: Path MODSDIR is C:\Users\81808\Downloads\astral_mekanism_more_machine\run\mods
[018月2026 03:35:01.036] [main/DEBUG] [net.minecraftforge.fml.loading.FMLPaths/CORE]: Path CONFIGDIR is C:\Users\81808\Downloads\astral_mekanism_more_machine\run\config
[018月2026 03:35:01.037] [main/DEBUG] [net.minecraftforge.fml.loading.FMLPaths/CORE]: Path FMLCONFIG is C:\Users\81808\Downloads\astral_mekanism_more_machine\run\config\fml.toml
[018月2026 03:35:02.171] [main/DEBUG] [cpw.mods.modlauncher.TransformationServicesHandler/MODLAUNCHER]: Found additional transformation services from discovery services: 
[018月2026 03:35:02.183] [main/INFO] [net.minecraftforge.fml.loading.ImmediateWindowHandler/]: Loading ImmediateWindowProvider fmlearlywindow
[018月2026 03:35:02.363] [main/INFO] [EARLYDISPLAY/]: Trying GL version 4.6
[018月2026 03:35:02.601] [main/INFO] [EARLYDISPLAY/]: Requested GL version 4.6 got version 4.6
[018月2026 03:35:02.701] [main/DEBUG] [cpw.mods.modlauncher.TransformationServicesHandler/MODLAUNCHER]: Found transformer services : [mixin,fml]
[018月2026 03:35:02.702] [main/DEBUG] [cpw.mods.modlauncher.TransformationServicesHandler/MODLAUNCHER]: Transformation services loading
[018月2026 03:35:02.704] [main/DEBUG] [cpw.mods.modlauncher.TransformationServiceDecorator/MODLAUNCHER]: Loading service mixin
[018月2026 03:35:02.705] [main/DEBUG] [cpw.mods.modlauncher.TransformationServiceDecorator/MODLAUNCHER]: Loaded service mixin
[018月2026 03:35:02.706] [main/DEBUG] [cpw.mods.modlauncher.TransformationServiceDecorator/MODLAUNCHER]: Loading service fml
[018月2026 03:35:02.710] [main/DEBUG] [net.minecraftforge.fml.loading.LauncherVersion/CORE]: Found FMLLauncher version 1.0
[018月2026 03:35:02.711] [main/DEBUG] [net.minecraftforge.fml.loading.FMLLoader/CORE]: FML 1.0 loading
[018月2026 03:35:02.712] [main/DEBUG] [net.minecraftforge.fml.loading.FMLLoader/CORE]: FML found ModLauncher version : 10.0.9+10.0.9+main.dcd20f30
[018月2026 03:35:02.713] [main/DEBUG] [net.minecraftforge.fml.loading.FMLLoader/CORE]: Requesting CoreMods to not apply the fix for ASMAPI.findFirstInstructionBefore by default
[018月2026 03:35:02.714] [main/DEBUG] [net.minecraftforge.fml.loading.FMLLoader/CORE]: FML found AccessTransformer version : 8.0.4+66+master.c09db6d7
[018月2026 03:35:02.715] [main/DEBUG] [net.minecraftforge.fml.loading.FMLLoader/CORE]: FML found EventBus version : 6.2.33
[018月2026 03:35:02.716] [main/DEBUG] [net.minecraftforge.fml.loading.FMLLoader/CORE]: Found Runtime Dist Cleaner
[018月2026 03:35:02.720] [main/DEBUG] [net.minecraftforge.coremod.CoreModEngine/]: CoreMods will preserve legacy behavior of ASMAPI.findFirstInstructionBefore for backwards-compatibility
[018月2026 03:35:02.720] [main/DEBUG] [net.minecraftforge.fml.loading.FMLLoader/CORE]: FML found CoreMod version : 5.2.4
[018月2026 03:35:02.722] [main/DEBUG] [net.minecraftforge.fml.loading.FMLLoader/CORE]: Found ForgeSPI package implementation version 7.0.1+7.0.1+master.d2b38bf6
[018月2026 03:35:02.723] [main/DEBUG] [net.minecraftforge.fml.loading.FMLLoader/CORE]: Found ForgeSPI package specification 5
[018月2026 03:35:02.723] [main/DEBUG] [cpw.mods.modlauncher.TransformationServiceDecorator/MODLAUNCHER]: Loaded service fml
[018月2026 03:35:02.728] [main/DEBUG] [cpw.mods.modlauncher.TransformationServicesHandler/MODLAUNCHER]: Configuring option handling for services
[018月2026 03:35:02.737] [main/DEBUG] [cpw.mods.modlauncher.TransformationServicesHandler/MODLAUNCHER]: Transformation services initializing
[018月2026 03:35:02.738] [main/DEBUG] [cpw.mods.modlauncher.TransformationServiceDecorator/MODLAUNCHER]: Initializing transformation service mixin
[018月2026 03:35:02.765] [main/DEBUG] [mixin/]: MixinService [ModLauncher] was successfully booted in cpw.mods.cl.ModuleClassLoader@9225652
[018月2026 03:35:02.800] [main/INFO] [mixin/]: SpongePowered MIXIN Subsystem Version=0.8.5 Source=union:/C:/Users/81808/.gradle/caches/modules-2/files-2.1/org.spongepowered/mixin/0.8.5/9d1c0c3a304ae6697ecd477218fa61b850bf57fc/mixin-0.8.5.jar%23128!/ Service=ModLauncher Env=CLIENT
[018月2026 03:35:02.807] [main/DEBUG] [mixin/]: Initialising Mixin Platform Manager
[018月2026 03:35:02.808] [main/DEBUG] [mixin/]: Adding mixin platform agents for container ModLauncher Root Container(ModLauncher:4f56a0a2)
[018月2026 03:35:02.810] [main/DEBUG] [mixin/]: Instancing new MixinPlatformAgentMinecraftForge for ModLauncher Root Container(ModLauncher:4f56a0a2)
[018月2026 03:35:02.812] [main/DEBUG] [mixin/]: MixinPlatformAgentMinecraftForge rejected container ModLauncher Root Container(ModLauncher:4f56a0a2)
[018月2026 03:35:02.813] [main/DEBUG] [mixin/]: Instancing new MixinPlatformAgentDefault for ModLauncher Root Container(ModLauncher:4f56a0a2)
[018月2026 03:35:02.813] [main/DEBUG] [mixin/]: MixinPlatformAgentDefault accepted container ModLauncher Root Container(ModLauncher:4f56a0a2)
[018月2026 03:35:02.816] [pool-2-thread-1/INFO] [EARLYDISPLAY/]: GL info: Intel(R) UHD Graphics 620 GL version 4.6.0 - Build 31.0.101.2140, Intel
[018月2026 03:35:02.818] [main/DEBUG] [cpw.mods.modlauncher.TransformationServiceDecorator/MODLAUNCHER]: Initialized transformation service mixin
[018月2026 03:35:02.818] [main/DEBUG] [cpw.mods.modlauncher.TransformationServiceDecorator/MODLAUNCHER]: Initializing transformation service fml
[018月2026 03:35:02.819] [main/DEBUG] [net.minecraftforge.fml.loading.FMLServiceProvider/CORE]: Setting up basic FML game directories
[018月2026 03:35:02.820] [main/DEBUG] [net.minecraftforge.fml.loading.FMLPaths/CORE]: Path GAMEDIR is C:\Users\81808\Downloads\astral_mekanism_more_machine\run
[018月2026 03:35:02.821] [main/DEBUG] [net.minecraftforge.fml.loading.FMLPaths/CORE]: Path MODSDIR is C:\Users\81808\Downloads\astral_mekanism_more_machine\run\mods
[018月2026 03:35:02.821] [main/DEBUG] [net.minecraftforge.fml.loading.FMLPaths/CORE]: Path CONFIGDIR is C:\Users\81808\Downloads\astral_mekanism_more_machine\run\config
[018月2026 03:35:02.822] [main/DEBUG] [net.minecraftforge.fml.loading.FMLPaths/CORE]: Path FMLCONFIG is C:\Users\81808\Downloads\astral_mekanism_more_machine\run\config\fml.toml
[018月2026 03:35:02.822] [main/DEBUG] [net.minecraftforge.fml.loading.FMLServiceProvider/CORE]: Loading configuration
[018月2026 03:35:02.837] [main/DEBUG] [net.minecraftforge.fml.loading.FMLServiceProvider/CORE]: Preparing ModFile
[018月2026 03:35:02.844] [main/DEBUG] [net.minecraftforge.fml.loading.FMLServiceProvider/CORE]: Preparing launch handler
[018月2026 03:35:02.845] [main/DEBUG] [net.minecraftforge.fml.loading.FMLLoader/CORE]: Using forgeclientuserdev as launch service
[018月2026 03:35:02.870] [main/DEBUG] [net.minecraftforge.fml.loading.FMLLoader/CORE]: Received command line version data  : VersionInfo[forgeVersion=47.4.22, mcVersion=1.20.1, mcpVersion=20230612.114412, forgeGroup=net.minecraftforge]
[018月2026 03:35:02.874] [main/DEBUG] [cpw.mods.modlauncher.TransformationServiceDecorator/MODLAUNCHER]: Initialized transformation service fml
[018月2026 03:35:02.875] [main/DEBUG] [cpw.mods.modlauncher.NameMappingServiceHandler/MODLAUNCHER]: Current naming domain is 'mcp'
[018月2026 03:35:02.877] [main/DEBUG] [cpw.mods.modlauncher.NameMappingServiceHandler/MODLAUNCHER]: Identified name mapping providers {srg=srgtomcp:1234}
[018月2026 03:35:02.878] [main/DEBUG] [cpw.mods.modlauncher.TransformationServicesHandler/MODLAUNCHER]: Transformation services begin scanning
[018月2026 03:35:02.879] [main/DEBUG] [cpw.mods.modlauncher.TransformationServiceDecorator/MODLAUNCHER]: Beginning scan trigger - transformation service mixin
[018月2026 03:35:02.880] [main/DEBUG] [cpw.mods.modlauncher.TransformationServiceDecorator/MODLAUNCHER]: End scan trigger - transformation service mixin
[018月2026 03:35:02.881] [main/DEBUG] [cpw.mods.modlauncher.TransformationServiceDecorator/MODLAUNCHER]: Beginning scan trigger - transformation service fml
[018月2026 03:35:02.881] [main/DEBUG] [net.minecraftforge.fml.loading.FMLServiceProvider/CORE]: Initiating mod scan
[018月2026 03:35:02.913] [main/DEBUG] [net.minecraftforge.fml.loading.moddiscovery.ModListHandler/CORE]: Found mod coordinates from lists: []
[018月2026 03:35:02.919] [main/DEBUG] [net.minecraftforge.fml.loading.moddiscovery.ModDiscoverer/CORE]: Found Mod Locators : (mods folder:null),(maven libs:null),(exploded directory:null),(minecraft:null),(userdev classpath:null)
[018月2026 03:35:02.920] [main/DEBUG] [net.minecraftforge.fml.loading.moddiscovery.ModDiscoverer/CORE]: Found Dependency Locators : (JarInJar:null)
[018月2026 03:35:02.941] [main/DEBUG] [net.minecraftforge.fml.loading.moddiscovery.ModFileParser/LOADING]: Considering mod file candidate C:\Users\81808\Downloads\astral_mekanism_more_machine\run\mods\AdvancedAE-1.3.5-1.20.1.jar
[018月2026 03:35:03.021] [main/DEBUG] [net.minecraftforge.fml.loading.moddiscovery.ModFileInfo/LOADING]: Found valid mod file AdvancedAE-1.3.5-1.20.1.jar with {advanced_ae} mods - versions {1.3.5-1.20.1}
[018月2026 03:35:03.029] [main/DEBUG] [net.minecraftforge.fml.loading.moddiscovery.ModFileParser/LOADING]: Considering mod file candidate C:\Users\81808\Downloads\astral_mekanism_more_machine\run\mods\AE2AddonLib-1.0.4-1.20.1.jar
[018月2026 03:35:03.032] [main/DEBUG] [net.minecraftforge.fml.loading.moddiscovery.ModFileInfo/LOADING]: Found valid mod file AE2AddonLib-1.0.4-1.20.1.jar with {ae2addonlib} mods - versions {1.0.4-1.20.1}
[018月2026 03:35:03.036] [main/DEBUG] [net.minecraftforge.fml.loading.moddiscovery.ModFileParser/LOADING]: Considering mod file candidate C:\Users\81808\Downloads\astral_mekanism_more_machine\run\mods\ame_the_valine-1.0.1.jar
[018月2026 03:35:03.040] [main/DEBUG] [net.minecraftforge.fml.loading.moddiscovery.ModFileInfo/LOADING]: Found valid mod file ame_the_valine-1.0.1.jar with {ame_the_valine} mods - versions {1.0.1}
[018月2026 03:35:03.052] [main/DEBUG] [net.minecraftforge.fml.loading.moddiscovery.ModFileParser/LOADING]: Considering mod file candidate C:\Users\81808\Downloads\astral_mekanism_more_machine\run\mods\appleskin-forge-mc1.20.1-2.5.1.jar
[018月2026 03:35:03.111] [main/DEBUG] [net.minecraftforge.fml.loading.moddiscovery.ModFileInfo/LOADING]: Found valid mod file appleskin-forge-mc1.20.1-2.5.1.jar with {appleskin} mods - versions {2.5.1+mc1.20.1}
[018月2026 03:35:03.117] [main/DEBUG] [net.minecraftforge.fml.loading.moddiscovery.ModFileParser/LOADING]: Considering mod file candidate C:\Users\81808\Downloads\astral_mekanism_more_machine\run\mods\Applied-Mekanistics-1.4.3.jar
[018月2026 03:35:03.120] [main/DEBUG] [net.minecraftforge.fml.loading.moddiscovery.ModFileInfo/LOADING]: Found valid mod file Applied-Mekanistics-1.4.3.jar with {appmek} mods - versions {1.4.3}
[018月2026 03:35:03.132] [main/DEBUG] [net.minecraftforge.fml.loading.moddiscovery.ModFileParser/LOADING]: Considering mod file candidate C:\Users\81808\Downloads\astral_mekanism_more_machine\run\mods\appliedenergistics2-forge-15.4.10.jar
[018月2026 03:35:03.134] [main/DEBUG] [net.minecraftforge.fml.loading.moddiscovery.ModFileInfo/LOADING]: Found valid mod file appliedenergistics2-forge-15.4.10.jar with {ae2} mods - versions {15.4.10}
[018月2026 03:35:03.141] [main/DEBUG] [net.minecraftforge.fml.loading.moddiscovery.ModFileParser/LOADING]: Considering mod file candidate C:\Users\81808\Downloads\astral_mekanism_more_machine\run\mods\AppliedFlux-1.20-1.3.7-forge.jar
[018月2026 03:35:03.145] [main/DEBUG] [net.minecraftforge.fml.loading.moddiscovery.ModFileInfo/LOADING]: Found valid mod file AppliedFlux-1.20-1.3.7-forge.jar with {appflux} mods - versions {1.20-1.3.7-forge}
[018月2026 03:35:03.150] [main/DEBUG] [net.minecraftforge.fml.loading.moddiscovery.ModFileParser/LOADING]: Considering mod file candidate C:\Users\81808\Downloads\astral_mekanism_more_machine\run\mods\architectury-9.2.14-forge.jar
[018月2026 03:35:03.151] [main/DEBUG] [net.minecraftforge.fml.loading.moddiscovery.ModFileInfo/LOADING]: Found valid mod file architectury-9.2.14-forge.jar with {architectury} mods - versions {9.2.14}
[018月2026 03:35:03.162] [main/DEBUG] [net.minecraftforge.fml.loading.moddiscovery.ModFileParser/LOADING]: Considering mod file candidate C:\Users\81808\Downloads\astral_mekanism_more_machine\run\mods\astral_mekanism-1.8.2.jar
[018月2026 03:35:03.166] [main/DEBUG] [net.minecraftforge.fml.loading.moddiscovery.ModFileInfo/LOADING]: Found valid mod file astral_mekanism-1.8.2.jar with {astral_mekanism} mods - versions {1.8.2}
[018月2026 03:35:03.171] [main/DEBUG] [net.minecraftforge.fml.loading.moddiscovery.ModFileParser/LOADING]: Considering mod file candidate C:\Users\81808\Downloads\astral_mekanism_more_machine\run\mods\balm-forge-1.20.1-7.3.42.jar
[018月2026 03:35:03.174] [main/DEBUG] [net.minecraftforge.fml.loading.moddiscovery.ModFileInfo/LOADING]: Found valid mod file balm-forge-1.20.1-7.3.42.jar with {balm} mods - versions {7.3.42}
[018月2026 03:35:03.187] [main/DEBUG] [net.minecraftforge.fml.loading.moddiscovery.ModFileParser/LOADING]: Considering mod file candidate C:\Users\81808\Downloads\astral_mekanism_more_machine\run\mods\Bookshelf-Forge-1.20.1-20.2.15.jar
[018月2026 03:35:03.189] [main/DEBUG] [net.minecraftforge.fml.loading.moddiscovery.ModFileInfo/LOADING]: Found valid mod file Bookshelf-Forge-1.20.1-20.2.15.jar with {bookshelf} mods - versions {20.2.15}
[018月2026 03:35:03.195] [main/DEBUG] [net.minecraftforge.fml.loading.moddiscovery.ModFileParser/LOADING]: Considering mod file candidate C:\Users\81808\Downloads\astral_mekanism_more_machine\run\mods\BotanyPots-Forge-1.20.1-13.0.43.jar
[018月2026 03:35:03.196] [main/DEBUG] [net.minecraftforge.fml.loading.moddiscovery.ModFileInfo/LOADING]: Found valid mod file BotanyPots-Forge-1.20.1-13.0.43.jar with {botanypots} mods - versions {13.0.43}
[018月2026 03:35:03.202] [main/DEBUG] [net.minecraftforge.fml.loading.moddiscovery.ModFileParser/LOADING]: Considering mod file candidate C:\Users\81808\Downloads\astral_mekanism_more_machine\run\mods\builders_dimension-1.0.1-forge-1.20.1.jar
[018月2026 03:35:03.205] [main/DEBUG] [net.minecraftforge.fml.loading.moddiscovery.ModFileInfo/LOADING]: Found valid mod file builders_dimension-1.0.1-forge-1.20.1.jar with {builders_dimension} mods - versions {1.0.1}
[018月2026 03:35:03.210] [main/DEBUG] [net.minecraftforge.fml.loading.moddiscovery.ModFileParser/LOADING]: Considering mod file candidate C:\Users\81808\Downloads\astral_mekanism_more_machine\run\mods\clientsort-forge-2.2.2+1.20.1.jar
[018月2026 03:35:03.212] [main/DEBUG] [net.minecraftforge.fml.loading.moddiscovery.ModFileInfo/LOADING]: Found valid mod file clientsort-forge-2.2.2+1.20.1.jar with {clientsort} mods - versions {2.2.2+1.20.1}
[018月2026 03:35:03.224] [main/DEBUG] [net.minecraftforge.fml.loading.moddiscovery.ModFileParser/LOADING]: Considering mod file candidate C:\Users\81808\Downloads\astral_mekanism_more_machine\run\mods\cloth-config-11.1.136-forge.jar
[018月2026 03:35:03.227] [main/DEBUG] [net.minecraftforge.fml.loading.moddiscovery.ModFileInfo/LOADING]: Found valid mod file cloth-config-11.1.136-forge.jar with {cloth_config} mods - versions {11.1.136}
[018月2026 03:35:03.232] [main/DEBUG] [net.minecraftforge.fml.loading.moddiscovery.ModFileParser/LOADING]: Considering mod file candidate C:\Users\81808\Downloads\astral_mekanism_more_machine\run\mods\Clumps-forge-1.20.1-12.0.0.4.jar
[018月2026 03:35:03.233] [main/DEBUG] [net.minecraftforge.fml.loading.moddiscovery.ModFileInfo/LOADING]: Found valid mod file Clumps-forge-1.20.1-12.0.0.4.jar with {clumps} mods - versions {12.0.0.4}
[018月2026 03:35:03.238] [main/DEBUG] [net.minecraftforge.fml.loading.moddiscovery.ModFileParser/LOADING]: Considering mod file candidate C:\Users\81808\Downloads\astral_mekanism_more_machine\run\mods\compactmekanismmachines-0.1.9.jar
[018月2026 03:35:03.240] [main/DEBUG] [net.minecraftforge.fml.loading.moddiscovery.ModFileInfo/LOADING]: Found valid mod file compactmekanismmachines-0.1.9.jar with {compactmekanismmachines} mods - versions {0.1.9}
[018月2026 03:35:03.245] [main/DEBUG] [net.minecraftforge.fml.loading.moddiscovery.ModFileParser/LOADING]: Considering mod file candidate C:\Users\81808\Downloads\astral_mekanism_more_machine\run\mods\constructionwand-1.20.1-2.11.jar
[018月2026 03:35:03.246] [main/DEBUG] [net.minecraftforge.fml.loading.moddiscovery.ModFileInfo/LOADING]: Found valid mod file constructionwand-1.20.1-2.11.jar with {constructionwand} mods - versions {1.20.1-2.11}
[018月2026 03:35:03.252] [main/DEBUG] [net.minecraftforge.fml.loading.moddiscovery.ModFileParser/LOADING]: Considering mod file candidate C:\Users\81808\Downloads\astral_mekanism_more_machine\run\mods\craftingtweaks-forge-1.20.1-18.2.9.jar
[018月2026 03:35:03.253] [main/DEBUG] [net.minecraftforge.fml.loading.moddiscovery.ModFileInfo/LOADING]: Found valid mod file craftingtweaks-forge-1.20.1-18.2.9.jar with {craftingtweaks} mods - versions {18.2.9}
[018月2026 03:35:03.258] [main/DEBUG] [net.minecraftforge.fml.loading.moddiscovery.ModFileParser/LOADING]: Considering mod file candidate C:\Users\81808\Downloads\astral_mekanism_more_machine\run\mods\curios-forge-5.14.1+1.20.1.jar
[018月2026 03:35:03.260] [main/DEBUG] [net.minecraftforge.fml.loading.moddiscovery.ModFileInfo/LOADING]: Found valid mod file curios-forge-5.14.1+1.20.1.jar with {curios} mods - versions {5.14.1+1.20.1}
[018月2026 03:35:03.265] [main/DEBUG] [net.minecraftforge.fml.loading.moddiscovery.ModFileParser/LOADING]: Considering mod file candidate C:\Users\81808\Downloads\astral_mekanism_more_machine\run\mods\doespotatotick-1.20.1-5.6.3.jar
[018月2026 03:35:03.266] [main/DEBUG] [net.minecraftforge.fml.loading.moddiscovery.ModFileInfo/LOADING]: Found valid mod file doespotatotick-1.20.1-5.6.3.jar with {doespotatotick} mods - versions {1.20.1-5.6.3}
[018月2026 03:35:03.272] [main/DEBUG] [net.minecraftforge.fml.loading.moddiscovery.ModFileParser/LOADING]: Considering mod file candidate C:\Users\81808\Downloads\astral_mekanism_more_machine\run\mods\duplicationless-1.20.1-1.2.0.jar
[018月2026 03:35:03.273] [main/DEBUG] [net.minecraftforge.fml.loading.moddiscovery.ModFileInfo/LOADING]: Found valid mod file duplicationless-1.20.1-1.2.0.jar with {duplicationless} mods - versions {1.20.1-1.2.0}
[018月2026 03:35:03.279] [main/DEBUG] [net.minecraftforge.fml.loading.moddiscovery.ModFileParser/LOADING]: Considering mod file candidate C:\Users\81808\Downloads\astral_mekanism_more_machine\run\mods\effortlessbuilding-1.20.1-3.11.jar
[018月2026 03:35:03.282] [main/DEBUG] [net.minecraftforge.fml.loading.moddiscovery.ModFileInfo/LOADING]: Found valid mod file effortlessbuilding-1.20.1-3.11.jar with {effortlessbuilding} mods - versions {3.11}
[018月2026 03:35:03.286] [main/DEBUG] [net.minecraftforge.fml.loading.moddiscovery.ModFileParser/LOADING]: Considering mod file candidate C:\Users\81808\Downloads\astral_mekanism_more_machine\run\mods\entityculling-forge-1.10.5-mc1.20.1.jar
[018月2026 03:35:03.288] [main/DEBUG] [net.minecraftforge.fml.loading.moddiscovery.ModFileInfo/LOADING]: Found valid mod file entityculling-forge-1.10.5-mc1.20.1.jar with {entityculling} mods - versions {1.10.5}
[018月2026 03:35:03.297] [main/DEBUG] [net.minecraftforge.fml.loading.moddiscovery.ModFileParser/LOADING]: Considering mod file candidate C:\Users\81808\Downloads\astral_mekanism_more_machine\run\mods\Evolved Mekanism-1.20.1-1.2.1-fix4.jar
[018月2026 03:35:03.298] [main/DEBUG] [net.minecraftforge.fml.loading.moddiscovery.ModFileInfo/LOADING]: Found valid mod file Evolved Mekanism-1.20.1-1.2.1-fix4.jar with {evolvedmekanism} mods - versions {1.2.1-fix4}
[018月2026 03:35:03.305] [main/DEBUG] [net.minecraftforge.fml.loading.moddiscovery.ModFileParser/LOADING]: Considering mod file candidate C:\Users\81808\Downloads\astral_mekanism_more_machine\run\mods\EvolvedMekanismExtras-1.20.1-1.5.0-fix1-all.jar
[018月2026 03:35:03.306] [main/DEBUG] [net.minecraftforge.fml.loading.moddiscovery.ModFileInfo/LOADING]: Found valid mod file EvolvedMekanismExtras-1.20.1-1.5.0-fix1-all.jar with {emextras} mods - versions {1.5.0-fix1}
[018月2026 03:35:03.320] [main/DEBUG] [net.minecraftforge.fml.loading.moddiscovery.ModFileParser/LOADING]: Considering mod file candidate C:\Users\81808\Downloads\astral_mekanism_more_machine\run\mods\ferritecore-6.0.1-forge.jar
[018月2026 03:35:03.322] [main/DEBUG] [net.minecraftforge.fml.loading.moddiscovery.ModFileInfo/LOADING]: Found valid mod file ferritecore-6.0.1-forge.jar with {ferritecore} mods - versions {6.0.1}
[018月2026 03:35:03.329] [main/DEBUG] [net.minecraftforge.fml.loading.moddiscovery.ModFileParser/LOADING]: Considering mod file candidate C:\Users\81808\Downloads\astral_mekanism_more_machine\run\mods\flatbedrock-forge-3.0.1-build.18+mc1.20.1.jar
[018月2026 03:35:03.331] [main/DEBUG] [net.minecraftforge.fml.loading.moddiscovery.ModFileInfo/LOADING]: Found valid mod file flatbedrock-forge-3.0.1-build.18+mc1.20.1.jar with {flatbedrock} mods - versions {3.0.1-build.18+mc1.20.1}
[018月2026 03:35:03.339] [main/DEBUG] [net.minecraftforge.fml.loading.moddiscovery.ModFileParser/LOADING]: Considering mod file candidate C:\Users\81808\Downloads\astral_mekanism_more_machine\run\mods\freecam-forge-1.2.1+1.20.jar
[018月2026 03:35:03.341] [main/DEBUG] [net.minecraftforge.fml.loading.moddiscovery.ModFileInfo/LOADING]: Found valid mod file freecam-forge-1.2.1+1.20.jar with {freecam} mods - versions {1.2.1+1.20}
[018月2026 03:35:03.347] [main/DEBUG] [net.minecraftforge.fml.loading.moddiscovery.ModFileParser/LOADING]: Considering mod file candidate C:\Users\81808\Downloads\astral_mekanism_more_machine\run\mods\geckolib-forge-1.20.1-4.8.4.jar
[018月2026 03:35:03.348] [main/DEBUG] [net.minecraftforge.fml.loading.moddiscovery.ModFileInfo/LOADING]: Found valid mod file geckolib-forge-1.20.1-4.8.4.jar with {geckolib} mods - versions {4.8.4}
[018月2026 03:35:03.354] [main/DEBUG] [net.minecraftforge.fml.loading.moddiscovery.ModFileParser/LOADING]: Considering mod file candidate C:\Users\81808\Downloads\astral_mekanism_more_machine\run\mods\Glodium-1.20-1.5-forge.jar
[018月2026 03:35:03.356] [main/DEBUG] [net.minecraftforge.fml.loading.moddiscovery.ModFileInfo/LOADING]: Found valid mod file Glodium-1.20-1.5-forge.jar with {glodium} mods - versions {1.20-1.5-forge}
[018月2026 03:35:03.368] [main/DEBUG] [net.minecraftforge.fml.loading.moddiscovery.ModFileParser/LOADING]: Considering mod file candidate C:\Users\81808\Downloads\astral_mekanism_more_machine\run\mods\guideme-20.1.15.jar
[018月2026 03:35:03.371] [main/DEBUG] [net.minecraftforge.fml.loading.moddiscovery.ModFileInfo/LOADING]: Found valid mod file guideme-20.1.15.jar with {guideme} mods - versions {20.1.15}
[018月2026 03:35:03.378] [main/DEBUG] [net.minecraftforge.fml.loading.moddiscovery.ModFileParser/LOADING]: Considering mod file candidate C:\Users\81808\Downloads\astral_mekanism_more_machine\run\mods\Iglee's Library-1.20.1-1.2.7.jar
[018月2026 03:35:03.380] [main/DEBUG] [net.minecraftforge.fml.loading.moddiscovery.ModFileInfo/LOADING]: Found valid mod file Iglee's Library-1.20.1-1.2.7.jar with {igleelib} mods - versions {1.2.7}
[018月2026 03:35:03.385] [main/DEBUG] [net.minecraftforge.fml.loading.moddiscovery.ModFileParser/LOADING]: Considering mod file candidate C:\Users\81808\Downloads\astral_mekanism_more_machine\run\mods\immersive_optimization-forge-1.20.1-0.2.0.jar
[018月2026 03:35:03.391] [main/DEBUG] [net.minecraftforge.fml.loading.moddiscovery.ModFileInfo/LOADING]: Found valid mod file immersive_optimization-forge-1.20.1-0.2.0.jar with {immersive_optimization} mods - versions {0.2.0}
[018月2026 03:35:03.399] [main/DEBUG] [net.minecraftforge.fml.loading.moddiscovery.ModFileParser/LOADING]: Considering mod file candidate C:\Users\81808\Downloads\astral_mekanism_more_machine\run\mods\Jade-1.20.1-Forge-11.13.3.jar
[018月2026 03:35:03.400] [main/DEBUG] [net.minecraftforge.fml.loading.moddiscovery.ModFileInfo/LOADING]: Found valid mod file Jade-1.20.1-Forge-11.13.3.jar with {jade} mods - versions {11.13.3+forge}
[018月2026 03:35:03.405] [main/DEBUG] [net.minecraftforge.fml.loading.moddiscovery.ModFileParser/LOADING]: Considering mod file candidate C:\Users\81808\Downloads\astral_mekanism_more_machine\run\mods\JAVD-Forge-5.0.1+mc1.20.1.jar
[018月2026 03:35:03.407] [main/DEBUG] [net.minecraftforge.fml.loading.moddiscovery.ModFileInfo/LOADING]: Found valid mod file JAVD-Forge-5.0.1+mc1.20.1.jar with {javd} mods - versions {5.0.1+mc1.20.1}
[018月2026 03:35:03.415] [main/DEBUG] [net.minecraftforge.fml.loading.moddiscovery.ModFileParser/LOADING]: Considering mod file candidate C:\Users\81808\Downloads\astral_mekanism_more_machine\run\mods\jei-1.20.1-forge-15.21.0.148.jar
[018月2026 03:35:03.416] [main/DEBUG] [net.minecraftforge.fml.loading.moddiscovery.ModFileInfo/LOADING]: Found valid mod file jei-1.20.1-forge-15.21.0.148.jar with {jei} mods - versions {15.21.0.148}
[018月2026 03:35:03.421] [main/DEBUG] [net.minecraftforge.fml.loading.moddiscovery.ModFileParser/LOADING]: Considering mod file candidate C:\Users\81808\Downloads\astral_mekanism_more_machine\run\mods\megacells-forge-2.4.6-1.20.1.jar
[018月2026 03:35:03.423] [main/DEBUG] [net.minecraftforge.fml.loading.moddiscovery.ModFileInfo/LOADING]: Found valid mod file megacells-forge-2.4.6-1.20.1.jar with {megacells} mods - versions {2.4.6-1.20.1}
[018月2026 03:35:03.439] [main/DEBUG] [net.minecraftforge.fml.loading.moddiscovery.ModFileParser/LOADING]: Considering mod file candidate C:\Users\81808\Downloads\astral_mekanism_more_machine\run\mods\Mekanism-1.20.1-10.4.16.80.jar
[018月2026 03:35:03.441] [main/DEBUG] [net.minecraftforge.fml.loading.moddiscovery.ModFileInfo/LOADING]: Found valid mod file Mekanism-1.20.1-10.4.16.80.jar with {mekanism} mods - versions {10.4.16}
[018月2026 03:35:03.450] [main/DEBUG] [net.minecraftforge.fml.loading.moddiscovery.ModFileParser/LOADING]: Considering mod file candidate C:\Users\81808\Downloads\astral_mekanism_more_machine\run\mods\mekanism_extras-1.20.1-1.5.0.jar
[018月2026 03:35:03.452] [main/DEBUG] [net.minecraftforge.fml.loading.moddiscovery.ModFileInfo/LOADING]: Found valid mod file mekanism_extras-1.20.1-1.5.0.jar with {mekanism_extras} mods - versions {1.5.0}
[018月2026 03:35:03.462] [main/DEBUG] [net.minecraftforge.fml.loading.moddiscovery.ModFileParser/LOADING]: Considering mod file candidate C:\Users\81808\Downloads\astral_mekanism_more_machine\run\mods\mekanism_the_valine-1.20.1-1.0.1.jar
[018月2026 03:35:03.463] [main/DEBUG] [net.minecraftforge.fml.loading.moddiscovery.ModFileInfo/LOADING]: Found valid mod file mekanism_the_valine-1.20.1-1.0.1.jar with {mekanism_the_valine} mods - versions {1.20.1-1.0.1}
[018月2026 03:35:03.469] [main/DEBUG] [net.minecraftforge.fml.loading.moddiscovery.ModFileParser/LOADING]: Considering mod file candidate C:\Users\81808\Downloads\astral_mekanism_more_machine\run\mods\MekanismElements-1.20.1-2.3.jar
[018月2026 03:35:03.471] [main/DEBUG] [net.minecraftforge.fml.loading.moddiscovery.ModFileInfo/LOADING]: Found valid mod file MekanismElements-1.20.1-2.3.jar with {mekanismelements} mods - versions {2.3}
[018月2026 03:35:03.478] [main/DEBUG] [net.minecraftforge.fml.loading.moddiscovery.ModFileParser/LOADING]: Considering mod file candidate C:\Users\81808\Downloads\astral_mekanism_more_machine\run\mods\MekanismGenerators-1.20.1-10.4.16.80.jar
[018月2026 03:35:03.480] [main/DEBUG] [net.minecraftforge.fml.loading.moddiscovery.ModFileInfo/LOADING]: Found valid mod file MekanismGenerators-1.20.1-10.4.16.80.jar with {mekanismgenerators} mods - versions {10.4.16}
[018月2026 03:35:03.486] [main/DEBUG] [net.minecraftforge.fml.loading.moddiscovery.ModFileParser/LOADING]: Considering mod file candidate C:\Users\81808\Downloads\astral_mekanism_more_machine\run\mods\MekanismTools-1.20.1-10.4.16.80.jar
[018月2026 03:35:03.487] [main/DEBUG] [net.minecraftforge.fml.loading.moddiscovery.ModFileInfo/LOADING]: Found valid mod file MekanismTools-1.20.1-10.4.16.80.jar with {mekanismtools} mods - versions {10.4.16}
[018月2026 03:35:03.493] [main/DEBUG] [net.minecraftforge.fml.loading.moddiscovery.ModFileParser/LOADING]: Considering mod file candidate C:\Users\81808\Downloads\astral_mekanism_more_machine\run\mods\MouseTweaks-forge-mc1.20.1-2.25.1.jar
[018月2026 03:35:03.495] [main/DEBUG] [net.minecraftforge.fml.loading.moddiscovery.ModFileInfo/LOADING]: Found valid mod file MouseTweaks-forge-mc1.20.1-2.25.1.jar with {mousetweaks} mods - versions {2.25.1}
[018月2026 03:35:03.501] [main/DEBUG] [net.minecraftforge.fml.loading.moddiscovery.ModFileParser/LOADING]: Considering mod file candidate C:\Users\81808\Downloads\astral_mekanism_more_machine\run\mods\Neat-1.20.1-41-FORGE.jar
[018月2026 03:35:03.502] [main/DEBUG] [net.minecraftforge.fml.loading.moddiscovery.ModFileInfo/LOADING]: Found valid mod file Neat-1.20.1-41-FORGE.jar with {neat} mods - versions {1.20.1-41-FORGE}
[018月2026 03:35:03.509] [main/DEBUG] [net.minecraftforge.fml.loading.moddiscovery.ModFileParser/LOADING]: Considering mod file candidate C:\Users\81808\Downloads\astral_mekanism_more_machine\run\mods\radium-mc1.20.1-0.12.4+git.26c9d8e.jar
[018月2026 03:35:03.512] [main/DEBUG] [net.minecraftforge.fml.loading.moddiscovery.ModFileInfo/LOADING]: Found valid mod file radium-mc1.20.1-0.12.4+git.26c9d8e.jar with {radium} mods - versions {0.12.4+git.26c9d8e}
[018月2026 03:35:03.519] [main/DEBUG] [net.minecraftforge.fml.loading.moddiscovery.ModFileParser/LOADING]: Considering mod file candidate C:\Users\81808\Downloads\astral_mekanism_more_machine\run\mods\staaaaaaaaaaaack-forge-1.20.1-1.5-71.jar
[018月2026 03:35:03.521] [main/DEBUG] [net.minecraftforge.fml.loading.moddiscovery.ModFileInfo/LOADING]: Found valid mod file staaaaaaaaaaaack-forge-1.20.1-1.5-71.jar with {staaaaaaaaaaaack} mods - versions {1.20.1-1.5-71}
[018月2026 03:35:03.526] [main/DEBUG] [net.minecraftforge.fml.loading.moddiscovery.ModFileParser/LOADING]: Considering mod file candidate C:\Users\81808\Downloads\astral_mekanism_more_machine\run\mods\stack_upgrade_integration-1.0.2-all.jar
[018月2026 03:35:03.530] [main/DEBUG] [net.minecraftforge.fml.loading.moddiscovery.ModFileInfo/LOADING]: Found valid mod file stack_upgrade_integration-1.0.2-all.jar with {stack_upgrade_integration} mods - versions {1.0.2}
[018月2026 03:35:03.535] [main/DEBUG] [net.minecraftforge.fml.loading.moddiscovery.ModFileParser/LOADING]: Considering mod file candidate C:\Users\81808\Downloads\astral_mekanism_more_machine\run\mods\trenzalore-forge-3.3.10+mc1.20.1-all.jar
[018月2026 03:35:03.536] [main/DEBUG] [net.minecraftforge.fml.loading.moddiscovery.ModFileInfo/LOADING]: Found valid mod file trenzalore-forge-3.3.10+mc1.20.1-all.jar with {trenzalore} mods - versions {3.3.10}
[018月2026 03:35:03.541] [main/DEBUG] [net.minecraftforge.fml.loading.moddiscovery.ModFileParser/LOADING]: Considering mod file candidate C:\Users\81808\Downloads\astral_mekanism_more_machine\run\mods\yet_another_config_lib_v3-3.6.6+1.20.1-forge.jar
[018月2026 03:35:03.543] [main/DEBUG] [net.minecraftforge.fml.loading.moddiscovery.ModFileInfo/LOADING]: Found valid mod file yet_another_config_lib_v3-3.6.6+1.20.1-forge.jar with {yet_another_config_lib_v3} mods - versions {3.6.6+1.20.1-forge}
[018月2026 03:35:03.551] [main/DEBUG] [net.minecraftforge.fml.loading.targets.CommonLaunchHandler/CORE]: Got mod coordinates astral_mekanism_more_machine%%C:\Users\81808\Downloads\astral_mekanism_more_machine\build\resources\main;astral_mekanism_more_machine%%C:\Users\81808\Downloads\astral_mekanism_more_machine\build\classes\java\main from env
[018月2026 03:35:03.554] [main/DEBUG] [net.minecraftforge.fml.loading.targets.CommonLaunchHandler/CORE]: Found supplied mod coordinates [{astral_mekanism_more_machine=[C:\Users\81808\Downloads\astral_mekanism_more_machine\build\resources\main, C:\Users\81808\Downloads\astral_mekanism_more_machine\build\classes\java\main]}]
[018月2026 03:35:03.900] [main/DEBUG] [net.minecraftforge.fml.loading.moddiscovery.ModFileInfo/LOADING]: Found valid mod file forge-1.20.1-47.4.22_mapped_official_1.20.1-recomp.jar with {minecraft} mods - versions {1.20.1}
[018月2026 03:35:03.910] [main/DEBUG] [net.minecraftforge.fml.loading.moddiscovery.ModFileParser/LOADING]: Considering mod file candidate C:\Users\81808\.gradle\caches\modules-2\files-2.1\net.minecraftforge\javafmllanguage\1.20.1-47.4.22\c3fe3323c9f8651aff7b34a665730c312b9e203f\javafmllanguage-1.20.1-47.4.22.jar
[018月2026 03:35:03.910] [main/WARN] [net.minecraftforge.fml.loading.moddiscovery.ModFileParser/LOADING]: Mod file C:\Users\81808\.gradle\caches\modules-2\files-2.1\net.minecraftforge\javafmllanguage\1.20.1-47.4.22\c3fe3323c9f8651aff7b34a665730c312b9e203f\javafmllanguage-1.20.1-47.4.22.jar is missing mods.toml file
[018月2026 03:35:03.916] [main/DEBUG] [net.minecraftforge.fml.loading.moddiscovery.ModFileParser/LOADING]: Considering mod file candidate C:\Users\81808\.gradle\caches\modules-2\files-2.1\net.minecraftforge\lowcodelanguage\1.20.1-47.4.22\c719255918fe74052292279a1242a26fbe92452a\lowcodelanguage-1.20.1-47.4.22.jar
[018月2026 03:35:03.917] [main/WARN] [net.minecraftforge.fml.loading.moddiscovery.ModFileParser/LOADING]: Mod file C:\Users\81808\.gradle\caches\modules-2\files-2.1\net.minecraftforge\lowcodelanguage\1.20.1-47.4.22\c719255918fe74052292279a1242a26fbe92452a\lowcodelanguage-1.20.1-47.4.22.jar is missing mods.toml file
[018月2026 03:35:03.925] [main/DEBUG] [net.minecraftforge.fml.loading.moddiscovery.ModFileParser/LOADING]: Considering mod file candidate C:\Users\81808\.gradle\caches\modules-2\files-2.1\net.minecraftforge\mclanguage\1.20.1-47.4.22\78b273bf6a3b42e430cd60ca1636656ae5993d6c\mclanguage-1.20.1-47.4.22.jar
[018月2026 03:35:03.926] [main/WARN] [net.minecraftforge.fml.loading.moddiscovery.ModFileParser/LOADING]: Mod file C:\Users\81808\.gradle\caches\modules-2\files-2.1\net.minecraftforge\mclanguage\1.20.1-47.4.22\78b273bf6a3b42e430cd60ca1636656ae5993d6c\mclanguage-1.20.1-47.4.22.jar is missing mods.toml file
[018月2026 03:35:03.936] [main/DEBUG] [net.minecraftforge.fml.loading.moddiscovery.ModFileParser/LOADING]: Considering mod file candidate C:\Users\81808\.gradle\caches\modules-2\files-2.1\net.minecraftforge\fmlcore\1.20.1-47.4.22\1367fc72fd188372dd79e824c611e248dcd000e\fmlcore-1.20.1-47.4.22.jar
[018月2026 03:35:03.936] [main/WARN] [net.minecraftforge.fml.loading.moddiscovery.ModFileParser/LOADING]: Mod file C:\Users\81808\.gradle\caches\modules-2\files-2.1\net.minecraftforge\fmlcore\1.20.1-47.4.22\1367fc72fd188372dd79e824c611e248dcd000e\fmlcore-1.20.1-47.4.22.jar is missing mods.toml file
[018月2026 03:35:03.946] [main/DEBUG] [net.minecraftforge.fml.loading.moddiscovery.ModFileParser/LOADING]: Considering mod file candidate C:\Users\81808\Downloads\astral_mekanism_more_machine\build\resources\main
[018月2026 03:35:03.951] [main/DEBUG] [net.minecraftforge.fml.loading.moddiscovery.ModFileInfo/LOADING]: Found valid mod file main with {astral_mekanism_more_machine} mods - versions {1.0-SNAPSHOT}
[018月2026 03:35:03.953] [main/DEBUG] [net.minecraftforge.fml.loading.moddiscovery.ModFileParser/LOADING]: Considering mod file candidate /
[018月2026 03:35:03.954] [main/DEBUG] [net.minecraftforge.fml.loading.moddiscovery.ModFileInfo/LOADING]: Found valid mod file  with {forge} mods - versions {47.4.22}
[018月2026 03:35:04.007] [main/DEBUG] [net.minecraftforge.fml.loading.moddiscovery.ModFileParser/LOADING]: Considering mod file candidate C:\Users\81808\.gradle\caches\forge_gradle\deobf_dependencies\curse\maven\astral-mekanism-1415150\8299719_mapped_official_1.20.1\astral-mekanism-1415150-8299719_mapped_official_1.20.1.jar
[018月2026 03:35:04.012] [main/DEBUG] [net.minecraftforge.fml.loading.moddiscovery.ModFileInfo/LOADING]: Found valid mod file astral-mekanism-1415150-8299719_mapped_official_1.20.1.jar with {astral_mekanism} mods - versions {1.8.2}
[018月2026 03:35:04.037] [main/DEBUG] [net.minecraftforge.fml.loading.moddiscovery.ModFileParser/LOADING]: Considering mod file candidate C:\Users\81808\.gradle\caches\forge_gradle\deobf_dependencies\mekanism\Mekanism\1.20.1-10.4.16.80_mapped_official_1.20.1\Mekanism-1.20.1-10.4.16.80_mapped_official_1.20.1.jar
[018月2026 03:35:04.039] [main/DEBUG] [net.minecraftforge.fml.loading.moddiscovery.ModFileInfo/LOADING]: Found valid mod file Mekanism-1.20.1-10.4.16.80_mapped_official_1.20.1.jar with {mekanism} mods - versions {10.4.16}
[018月2026 03:35:04.045] [main/DEBUG] [net.minecraftforge.fml.loading.moddiscovery.ModFileParser/LOADING]: Considering mod file candidate C:\Users\81808\.gradle\caches\forge_gradle\deobf_dependencies\curse\maven\mekanism-generators-268566\6552914_mapped_official_1.20.1\mekanism-generators-268566-6552914_mapped_official_1.20.1.jar
[018月2026 03:35:04.046] [main/DEBUG] [net.minecraftforge.fml.loading.moddiscovery.ModFileInfo/LOADING]: Found valid mod file mekanism-generators-268566-6552914_mapped_official_1.20.1.jar with {mekanismgenerators} mods - versions {10.4.16}
[018月2026 03:35:04.053] [main/DEBUG] [net.minecraftforge.fml.loading.moddiscovery.ModFileParser/LOADING]: Considering mod file candidate C:\Users\81808\.gradle\caches\forge_gradle\deobf_dependencies\curse\maven\mekanism-tools-268567\6552915_mapped_official_1.20.1\mekanism-tools-268567-6552915_mapped_official_1.20.1.jar
[018月2026 03:35:04.054] [main/DEBUG] [net.minecraftforge.fml.loading.moddiscovery.ModFileInfo/LOADING]: Found valid mod file mekanism-tools-268567-6552915_mapped_official_1.20.1.jar with {mekanismtools} mods - versions {10.4.16}
[018月2026 03:35:04.065] [main/DEBUG] [net.minecraftforge.fml.loading.moddiscovery.ModFileParser/LOADING]: Considering mod file candidate C:\Users\81808\.gradle\caches\forge_gradle\deobf_dependencies\curse\maven\evolved-mekanism-1230085\7599591_mapped_official_1.20.1\evolved-mekanism-1230085-7599591_mapped_official_1.20.1.jar
[018月2026 03:35:04.067] [main/DEBUG] [net.minecraftforge.fml.loading.moddiscovery.ModFileInfo/LOADING]: Found valid mod file evolved-mekanism-1230085-7599591_mapped_official_1.20.1.jar with {evolvedmekanism} mods - versions {1.2.1-fix4}
[018月2026 03:35:04.073] [main/DEBUG] [net.minecraftforge.fml.loading.moddiscovery.ModFileParser/LOADING]: Considering mod file candidate C:\Users\81808\.gradle\caches\forge_gradle\deobf_dependencies\curse\maven\evolved-mekanism-extras-1268159\8294797_mapped_official_1.20.1\evolved-mekanism-extras-1268159-8294797_mapped_official_1.20.1.jar
[018月2026 03:35:04.075] [main/DEBUG] [net.minecraftforge.fml.loading.moddiscovery.ModFileInfo/LOADING]: Found valid mod file evolved-mekanism-extras-1268159-8294797_mapped_official_1.20.1.jar with {emextras} mods - versions {1.4.1-fix1}
[018月2026 03:35:04.082] [main/DEBUG] [net.minecraftforge.fml.loading.moddiscovery.ModFileParser/LOADING]: Considering mod file candidate C:\Users\81808\.gradle\caches\forge_gradle\deobf_dependencies\curse\maven\mekanism-elements-1103224\6537553_mapped_official_1.20.1\mekanism-elements-1103224-6537553_mapped_official_1.20.1.jar
[018月2026 03:35:04.083] [main/DEBUG] [net.minecraftforge.fml.loading.moddiscovery.ModFileInfo/LOADING]: Found valid mod file mekanism-elements-1103224-6537553_mapped_official_1.20.1.jar with {mekanismelements} mods - versions {2.3}
[018月2026 03:35:04.091] [main/DEBUG] [net.minecraftforge.fml.loading.moddiscovery.ModFileParser/LOADING]: Considering mod file candidate C:\Users\81808\.gradle\caches\forge_gradle\deobf_dependencies\curse\maven\mekanism-extras-1026040\8247562_mapped_official_1.20.1\mekanism-extras-1026040-8247562_mapped_official_1.20.1.jar
[018月2026 03:35:04.093] [main/DEBUG] [net.minecraftforge.fml.loading.moddiscovery.ModFileInfo/LOADING]: Found valid mod file mekanism-extras-1026040-8247562_mapped_official_1.20.1.jar with {mekanism_extras} mods - versions {1.5.0}
[018月2026 03:35:04.099] [main/DEBUG] [net.minecraftforge.fml.loading.moddiscovery.ModFileParser/LOADING]: Considering mod file candidate C:\Users\81808\.gradle\caches\forge_gradle\deobf_dependencies\curse\maven\iglee-library-541199\6987117_mapped_official_1.20.1\iglee-library-541199-6987117_mapped_official_1.20.1.jar
[018月2026 03:35:04.101] [main/DEBUG] [net.minecraftforge.fml.loading.moddiscovery.ModFileInfo/LOADING]: Found valid mod file iglee-library-541199-6987117_mapped_official_1.20.1.jar with {igleelib} mods - versions {1.2.7}
[018月2026 03:35:04.111] [main/DEBUG] [net.minecraftforge.fml.loading.moddiscovery.ModFileParser/LOADING]: Considering mod file candidate C:\Users\81808\.gradle\caches\forge_gradle\deobf_dependencies\curse\maven\astral-mekanism-1415150\8299719_mapped_official_1.20.1\astral-mekanism-1415150-8299719_mapped_official_1.20.1.jar
[018月2026 03:35:04.113] [main/DEBUG] [net.minecraftforge.fml.loading.moddiscovery.ModFileInfo/LOADING]: Found valid mod file astral-mekanism-1415150-8299719_mapped_official_1.20.1.jar with {astral_mekanism} mods - versions {1.8.2}
[018月2026 03:35:04.130] [main/DEBUG] [net.minecraftforge.fml.loading.moddiscovery.ModFileParser/LOADING]: Considering mod file candidate C:\Users\81808\.gradle\caches\forge_gradle\deobf_dependencies\mekanism\Mekanism\1.20.1-10.4.16.80_mapped_official_1.20.1\Mekanism-1.20.1-10.4.16.80_mapped_official_1.20.1.jar
[018月2026 03:35:04.132] [main/DEBUG] [net.minecraftforge.fml.loading.moddiscovery.ModFileInfo/LOADING]: Found valid mod file Mekanism-1.20.1-10.4.16.80_mapped_official_1.20.1.jar with {mekanism} mods - versions {10.4.16}
[018月2026 03:35:04.143] [main/DEBUG] [net.minecraftforge.fml.loading.moddiscovery.ModFileParser/LOADING]: Considering mod file candidate C:\Users\81808\.gradle\caches\forge_gradle\deobf_dependencies\curse\maven\mekanism-generators-268566\6552914_mapped_official_1.20.1\mekanism-generators-268566-6552914_mapped_official_1.20.1.jar
[018月2026 03:35:04.145] [main/DEBUG] [net.minecraftforge.fml.loading.moddiscovery.ModFileInfo/LOADING]: Found valid mod file mekanism-generators-268566-6552914_mapped_official_1.20.1.jar with {mekanismgenerators} mods - versions {10.4.16}
[018月2026 03:35:04.153] [main/DEBUG] [net.minecraftforge.fml.loading.moddiscovery.ModFileParser/LOADING]: Considering mod file candidate C:\Users\81808\.gradle\caches\forge_gradle\deobf_dependencies\curse\maven\mekanism-tools-268567\6552915_mapped_official_1.20.1\mekanism-tools-268567-6552915_mapped_official_1.20.1.jar
[018月2026 03:35:04.154] [main/DEBUG] [net.minecraftforge.fml.loading.moddiscovery.ModFileInfo/LOADING]: Found valid mod file mekanism-tools-268567-6552915_mapped_official_1.20.1.jar with {mekanismtools} mods - versions {10.4.16}
[018月2026 03:35:04.170] [main/DEBUG] [net.minecraftforge.fml.loading.moddiscovery.ModFileParser/LOADING]: Considering mod file candidate C:\Users\81808\.gradle\caches\forge_gradle\deobf_dependencies\curse\maven\evolved-mekanism-1230085\7599591_mapped_official_1.20.1\evolved-mekanism-1230085-7599591_mapped_official_1.20.1.jar
[018月2026 03:35:04.173] [main/DEBUG] [net.minecraftforge.fml.loading.moddiscovery.ModFileInfo/LOADING]: Found valid mod file evolved-mekanism-1230085-7599591_mapped_official_1.20.1.jar with {evolvedmekanism} mods - versions {1.2.1-fix4}
[018月2026 03:35:04.184] [main/DEBUG] [net.minecraftforge.fml.loading.moddiscovery.ModFileParser/LOADING]: Considering mod file candidate C:\Users\81808\.gradle\caches\forge_gradle\deobf_dependencies\curse\maven\evolved-mekanism-extras-1268159\8294797_mapped_official_1.20.1\evolved-mekanism-extras-1268159-8294797_mapped_official_1.20.1.jar
[018月2026 03:35:04.185] [main/DEBUG] [net.minecraftforge.fml.loading.moddiscovery.ModFileInfo/LOADING]: Found valid mod file evolved-mekanism-extras-1268159-8294797_mapped_official_1.20.1.jar with {emextras} mods - versions {1.4.1-fix1}
[018月2026 03:35:04.191] [main/DEBUG] [net.minecraftforge.fml.loading.moddiscovery.ModFileParser/LOADING]: Considering mod file candidate C:\Users\81808\.gradle\caches\forge_gradle\deobf_dependencies\curse\maven\mekanism-elements-1103224\6537553_mapped_official_1.20.1\mekanism-elements-1103224-6537553_mapped_official_1.20.1.jar
[018月2026 03:35:04.193] [main/DEBUG] [net.minecraftforge.fml.loading.moddiscovery.ModFileInfo/LOADING]: Found valid mod file mekanism-elements-1103224-6537553_mapped_official_1.20.1.jar with {mekanismelements} mods - versions {2.3}
[018月2026 03:35:04.201] [main/DEBUG] [net.minecraftforge.fml.loading.moddiscovery.ModFileParser/LOADING]: Considering mod file candidate C:\Users\81808\.gradle\caches\forge_gradle\deobf_dependencies\curse\maven\mekanism-extras-1026040\8247562_mapped_official_1.20.1\mekanism-extras-1026040-8247562_mapped_official_1.20.1.jar
[018月2026 03:35:04.202] [main/DEBUG] [net.minecraftforge.fml.loading.moddiscovery.ModFileInfo/LOADING]: Found valid mod file mekanism-extras-1026040-8247562_mapped_official_1.20.1.jar with {mekanism_extras} mods - versions {1.5.0}
[018月2026 03:35:04.209] [main/DEBUG] [net.minecraftforge.fml.loading.moddiscovery.ModFileParser/LOADING]: Considering mod file candidate C:\Users\81808\.gradle\caches\forge_gradle\deobf_dependencies\curse\maven\iglee-library-541199\6987117_mapped_official_1.20.1\iglee-library-541199-6987117_mapped_official_1.20.1.jar
[018月2026 03:35:04.211] [main/DEBUG] [net.minecraftforge.fml.loading.moddiscovery.ModFileInfo/LOADING]: Found valid mod file iglee-library-541199-6987117_mapped_official_1.20.1.jar with {igleelib} mods - versions {1.2.7}
[018月2026 03:35:04.222] [main/DEBUG] [net.minecraftforge.fml.loading.UniqueModListBuilder/]: Found 3 mods for first modid emextras, selecting most recent based on version data
[018月2026 03:35:04.223] [main/DEBUG] [net.minecraftforge.fml.loading.UniqueModListBuilder/]: Selected file EvolvedMekanismExtras-1.20.1-1.5.0-fix1-all.jar for modid emextras with version 1.5.0-fix1
[018月2026 03:35:04.223] [main/DEBUG] [net.minecraftforge.fml.loading.UniqueModListBuilder/]: Found 3 mods for first modid igleelib, selecting most recent based on version data
[018月2026 03:35:04.223] [main/DEBUG] [net.minecraftforge.fml.loading.UniqueModListBuilder/]: Selected file Iglee's Library-1.20.1-1.2.7.jar for modid igleelib with version 1.2.7
[018月2026 03:35:04.223] [main/DEBUG] [net.minecraftforge.fml.loading.UniqueModListBuilder/]: Found 3 mods for first modid mekanism, selecting most recent based on version data
[018月2026 03:35:04.224] [main/DEBUG] [net.minecraftforge.fml.loading.UniqueModListBuilder/]: Selected file Mekanism-1.20.1-10.4.16.80.jar for modid mekanism with version 10.4.16
[018月2026 03:35:04.224] [main/DEBUG] [net.minecraftforge.fml.loading.UniqueModListBuilder/]: Found 3 mods for first modid mekanismgenerators, selecting most recent based on version data
[018月2026 03:35:04.224] [main/DEBUG] [net.minecraftforge.fml.loading.UniqueModListBuilder/]: Selected file MekanismGenerators-1.20.1-10.4.16.80.jar for modid mekanismgenerators with version 10.4.16
[018月2026 03:35:04.224] [main/DEBUG] [net.minecraftforge.fml.loading.UniqueModListBuilder/]: Found 3 mods for first modid astral_mekanism, selecting most recent based on version data
[018月2026 03:35:04.225] [main/DEBUG] [net.minecraftforge.fml.loading.UniqueModListBuilder/]: Selected file astral_mekanism-1.8.2.jar for modid astral_mekanism with version 1.8.2
[018月2026 03:35:04.225] [main/DEBUG] [net.minecraftforge.fml.loading.UniqueModListBuilder/]: Found 3 mods for first modid mekanism_extras, selecting most recent based on version data
[018月2026 03:35:04.225] [main/DEBUG] [net.minecraftforge.fml.loading.UniqueModListBuilder/]: Selected file mekanism_extras-1.20.1-1.5.0.jar for modid mekanism_extras with version 1.5.0
[018月2026 03:35:04.225] [main/DEBUG] [net.minecraftforge.fml.loading.UniqueModListBuilder/]: Found 3 mods for first modid evolvedmekanism, selecting most recent based on version data
[018月2026 03:35:04.225] [main/DEBUG] [net.minecraftforge.fml.loading.UniqueModListBuilder/]: Selected file Evolved Mekanism-1.20.1-1.2.1-fix4.jar for modid evolvedmekanism with version 1.2.1-fix4
[018月2026 03:35:04.226] [main/DEBUG] [net.minecraftforge.fml.loading.UniqueModListBuilder/]: Found 3 mods for first modid mekanismtools, selecting most recent based on version data
[018月2026 03:35:04.226] [main/DEBUG] [net.minecraftforge.fml.loading.UniqueModListBuilder/]: Selected file MekanismTools-1.20.1-10.4.16.80.jar for modid mekanismtools with version 10.4.16
[018月2026 03:35:04.226] [main/DEBUG] [net.minecraftforge.fml.loading.UniqueModListBuilder/]: Found 3 mods for first modid mekanismelements, selecting most recent based on version data
[018月2026 03:35:04.226] [main/DEBUG] [net.minecraftforge.fml.loading.UniqueModListBuilder/]: Selected file MekanismElements-1.20.1-2.3.jar for modid mekanismelements with version 2.3
[018月2026 03:35:04.239] [main/DEBUG] [net.minecraftforge.fml.loading.moddiscovery.AbstractJarFileDependencyLocator/]: Failed to load resource META-INF\jarjar\metadata.json from flatbedrock-forge-3.0.1-build.18+mc1.20.1.jar, it does not contain dependency information.
[018月2026 03:35:04.240] [main/DEBUG] [net.minecraftforge.fml.loading.moddiscovery.AbstractJarFileDependencyLocator/]: Failed to load resource META-INF\jarjar\metadata.json from jei-1.20.1-forge-15.21.0.148.jar, it does not contain dependency information.
[018月2026 03:35:04.240] [main/DEBUG] [net.minecraftforge.fml.loading.moddiscovery.AbstractJarFileDependencyLocator/]: Failed to load resource META-INF\jarjar\metadata.json from appliedenergistics2-forge-15.4.10.jar, it does not contain dependency information.
[018月2026 03:35:04.240] [main/DEBUG] [net.minecraftforge.fml.loading.moddiscovery.AbstractJarFileDependencyLocator/]: Failed to load resource META-INF\jarjar\metadata.json from Iglee's Library-1.20.1-1.2.7.jar, it does not contain dependency information.
[018月2026 03:35:04.241] [main/DEBUG] [net.minecraftforge.fml.loading.moddiscovery.AbstractJarFileDependencyLocator/]: Failed to load resource META-INF\jarjar\metadata.json from JAVD-Forge-5.0.1+mc1.20.1.jar, it does not contain dependency information.
[018月2026 03:35:04.242] [main/DEBUG] [net.minecraftforge.fml.loading.moddiscovery.AbstractJarFileDependencyLocator/]: Failed to load resource META-INF\jarjar\metadata.json from mekanism_the_valine-1.20.1-1.0.1.jar, it does not contain dependency information.
[018月2026 03:35:04.243] [main/DEBUG] [net.minecraftforge.fml.loading.moddiscovery.AbstractJarFileDependencyLocator/]: Failed to load resource META-INF\jarjar\metadata.json from Mekanism-1.20.1-10.4.16.80.jar, it does not contain dependency information.
[018月2026 03:35:04.243] [main/DEBUG] [net.minecraftforge.fml.loading.moddiscovery.AbstractJarFileDependencyLocator/]: Failed to load resource META-INF\jarjar\metadata.json from builders_dimension-1.0.1-forge-1.20.1.jar, it does not contain dependency information.
[018月2026 03:35:04.243] [main/DEBUG] [net.minecraftforge.fml.loading.moddiscovery.AbstractJarFileDependencyLocator/]: Failed to load resource META-INF\jarjar\metadata.json from Neat-1.20.1-41-FORGE.jar, it does not contain dependency information.
[018月2026 03:35:04.244] [main/DEBUG] [net.minecraftforge.fml.loading.moddiscovery.AbstractJarFileDependencyLocator/]: Failed to load resource META-INF\jarjar\metadata.json from Clumps-forge-1.20.1-12.0.0.4.jar, it does not contain dependency information.
[018月2026 03:35:04.245] [main/DEBUG] [net.minecraftforge.fml.loading.moddiscovery.AbstractJarFileDependencyLocator/]: Failed to load resource META-INF\jarjar\metadata.json from main, it does not contain dependency information.
[018月2026 03:35:04.245] [main/DEBUG] [net.minecraftforge.fml.loading.moddiscovery.AbstractJarFileDependencyLocator/]: Failed to load resource META-INF\jarjar\metadata.json from immersive_optimization-forge-1.20.1-0.2.0.jar, it does not contain dependency information.
[018月2026 03:35:04.246] [main/DEBUG] [net.minecraftforge.fml.loading.moddiscovery.AbstractJarFileDependencyLocator/]: Failed to load resource META-INF\jarjar\metadata.json from BotanyPots-Forge-1.20.1-13.0.43.jar, it does not contain dependency information.
[018月2026 03:35:04.246] [main/DEBUG] [net.minecraftforge.fml.loading.moddiscovery.AbstractJarFileDependencyLocator/]: Failed to load resource META-INF\jarjar\metadata.json from Bookshelf-Forge-1.20.1-20.2.15.jar, it does not contain dependency information.
[018月2026 03:35:04.246] [main/DEBUG] [net.minecraftforge.fml.loading.moddiscovery.AbstractJarFileDependencyLocator/]: Failed to load resource META-INF\jarjar\metadata.json from guideme-20.1.15.jar, it does not contain dependency information.
[018月2026 03:35:04.247] [main/DEBUG] [net.minecraftforge.fml.loading.moddiscovery.AbstractJarFileDependencyLocator/]: Failed to load resource META-INF\jarjar\metadata.json from MekanismGenerators-1.20.1-10.4.16.80.jar, it does not contain dependency information.
[018月2026 03:35:04.247] [main/DEBUG] [net.minecraftforge.fml.loading.moddiscovery.AbstractJarFileDependencyLocator/]: Failed to load resource META-INF\jarjar\metadata.json from cloth-config-11.1.136-forge.jar, it does not contain dependency information.
[018月2026 03:35:04.248] [main/DEBUG] [net.minecraftforge.fml.loading.moddiscovery.AbstractJarFileDependencyLocator/]: Failed to load resource META-INF\jarjar\metadata.json from , it does not contain dependency information.
[018月2026 03:35:04.248] [main/DEBUG] [net.minecraftforge.fml.loading.moddiscovery.AbstractJarFileDependencyLocator/]: Failed to load resource META-INF\jarjar\metadata.json from compactmekanismmachines-0.1.9.jar, it does not contain dependency information.
[018月2026 03:35:04.248] [main/DEBUG] [net.minecraftforge.fml.loading.moddiscovery.AbstractJarFileDependencyLocator/]: Failed to load resource META-INF\jarjar\metadata.json from astral_mekanism-1.8.2.jar, it does not contain dependency information.
[018月2026 03:35:04.249] [main/DEBUG] [net.minecraftforge.fml.loading.moddiscovery.AbstractJarFileDependencyLocator/]: Failed to load resource META-INF\jarjar\metadata.json from staaaaaaaaaaaack-forge-1.20.1-1.5-71.jar, it does not contain dependency information.
[018月2026 03:35:04.249] [main/DEBUG] [net.minecraftforge.fml.loading.moddiscovery.AbstractJarFileDependencyLocator/]: Failed to load resource META-INF\jarjar\metadata.json from craftingtweaks-forge-1.20.1-18.2.9.jar, it does not contain dependency information.
[018月2026 03:35:04.249] [main/DEBUG] [net.minecraftforge.fml.loading.moddiscovery.AbstractJarFileDependencyLocator/]: Failed to load resource META-INF\jarjar\metadata.json from Glodium-1.20-1.5-forge.jar, it does not contain dependency information.
[018月2026 03:35:04.249] [main/DEBUG] [net.minecraftforge.fml.loading.moddiscovery.AbstractJarFileDependencyLocator/]: Failed to load resource META-INF\jarjar\metadata.json from AppliedFlux-1.20-1.3.7-forge.jar, it does not contain dependency information.
[018月2026 03:35:04.250] [main/DEBUG] [net.minecraftforge.fml.loading.moddiscovery.AbstractJarFileDependencyLocator/]: Failed to load resource META-INF\jarjar\metadata.json from forge-1.20.1-47.4.22_mapped_official_1.20.1-recomp.jar, it does not contain dependency information.
[018月2026 03:35:04.250] [main/DEBUG] [net.minecraftforge.fml.loading.moddiscovery.AbstractJarFileDependencyLocator/]: Failed to load resource META-INF\jarjar\metadata.json from mekanism_extras-1.20.1-1.5.0.jar, it does not contain dependency information.
[018月2026 03:35:04.250] [main/DEBUG] [net.minecraftforge.fml.loading.moddiscovery.AbstractJarFileDependencyLocator/]: Failed to load resource META-INF\jarjar\metadata.json from MouseTweaks-forge-mc1.20.1-2.25.1.jar, it does not contain dependency information.
[018月2026 03:35:04.250] [main/DEBUG] [net.minecraftforge.fml.loading.moddiscovery.AbstractJarFileDependencyLocator/]: Failed to load resource META-INF\jarjar\metadata.json from Jade-1.20.1-Forge-11.13.3.jar, it does not contain dependency information.
[018月2026 03:35:04.250] [main/DEBUG] [net.minecraftforge.fml.loading.moddiscovery.AbstractJarFileDependencyLocator/]: Failed to load resource META-INF\jarjar\metadata.json from Evolved Mekanism-1.20.1-1.2.1-fix4.jar, it does not contain dependency information.
[018月2026 03:35:04.251] [main/DEBUG] [net.minecraftforge.fml.loading.moddiscovery.AbstractJarFileDependencyLocator/]: Failed to load resource META-INF\jarjar\metadata.json from curios-forge-5.14.1+1.20.1.jar, it does not contain dependency information.
[018月2026 03:35:04.251] [main/DEBUG] [net.minecraftforge.fml.loading.moddiscovery.AbstractJarFileDependencyLocator/]: Failed to load resource META-INF\jarjar\metadata.json from megacells-forge-2.4.6-1.20.1.jar, it does not contain dependency information.
[018月2026 03:35:04.251] [main/DEBUG] [net.minecraftforge.fml.loading.moddiscovery.AbstractJarFileDependencyLocator/]: Failed to load resource META-INF\jarjar\metadata.json from duplicationless-1.20.1-1.2.0.jar, it does not contain dependency information.
[018月2026 03:35:04.251] [main/DEBUG] [net.minecraftforge.fml.loading.moddiscovery.AbstractJarFileDependencyLocator/]: Failed to load resource META-INF\jarjar\metadata.json from freecam-forge-1.2.1+1.20.jar, it does not contain dependency information.
[018月2026 03:35:04.252] [main/DEBUG] [net.minecraftforge.fml.loading.moddiscovery.AbstractJarFileDependencyLocator/]: Failed to load resource META-INF\jarjar\metadata.json from doespotatotick-1.20.1-5.6.3.jar, it does not contain dependency information.
[018月2026 03:35:04.252] [main/DEBUG] [net.minecraftforge.fml.loading.moddiscovery.AbstractJarFileDependencyLocator/]: Failed to load resource META-INF\jarjar\metadata.json from AE2AddonLib-1.0.4-1.20.1.jar, it does not contain dependency information.
[018月2026 03:35:04.252] [main/DEBUG] [net.minecraftforge.fml.loading.moddiscovery.AbstractJarFileDependencyLocator/]: Failed to load resource META-INF\jarjar\metadata.json from MekanismTools-1.20.1-10.4.16.80.jar, it does not contain dependency information.
[018月2026 03:35:04.252] [main/DEBUG] [net.minecraftforge.fml.loading.moddiscovery.AbstractJarFileDependencyLocator/]: Failed to load resource META-INF\jarjar\metadata.json from constructionwand-1.20.1-2.11.jar, it does not contain dependency information.
[018月2026 03:35:04.253] [main/DEBUG] [net.minecraftforge.fml.loading.moddiscovery.AbstractJarFileDependencyLocator/]: Failed to load resource META-INF\jarjar\metadata.json from architectury-9.2.14-forge.jar, it does not contain dependency information.
[018月2026 03:35:04.253] [main/DEBUG] [net.minecraftforge.fml.loading.moddiscovery.AbstractJarFileDependencyLocator/]: Failed to load resource META-INF\jarjar\metadata.json from appleskin-forge-mc1.20.1-2.5.1.jar, it does not contain dependency information.
[018月2026 03:35:04.253] [main/DEBUG] [net.minecraftforge.fml.loading.moddiscovery.AbstractJarFileDependencyLocator/]: Failed to load resource META-INF\jarjar\metadata.json from ferritecore-6.0.1-forge.jar, it does not contain dependency information.
[018月2026 03:35:04.253] [main/DEBUG] [net.minecraftforge.fml.loading.moddiscovery.AbstractJarFileDependencyLocator/]: Failed to load resource META-INF\jarjar\metadata.json from MekanismElements-1.20.1-2.3.jar, it does not contain dependency information.
[018月2026 03:35:04.254] [main/DEBUG] [net.minecraftforge.fml.loading.moddiscovery.AbstractJarFileDependencyLocator/]: Failed to load resource META-INF\jarjar\metadata.json from Applied-Mekanistics-1.4.3.jar, it does not contain dependency information.
[018月2026 03:35:04.254] [main/DEBUG] [net.minecraftforge.fml.loading.moddiscovery.AbstractJarFileDependencyLocator/]: Failed to load resource META-INF\jarjar\metadata.json from ame_the_valine-1.0.1.jar, it does not contain dependency information.
[018月2026 03:35:04.254] [main/DEBUG] [net.minecraftforge.fml.loading.moddiscovery.AbstractJarFileDependencyLocator/]: Failed to load resource META-INF\jarjar\metadata.json from mclanguage-1.20.1-47.4.22.jar, it does not contain dependency information.
[018月2026 03:35:04.254] [main/DEBUG] [net.minecraftforge.fml.loading.moddiscovery.AbstractJarFileDependencyLocator/]: Failed to load resource META-INF\jarjar\metadata.json from javafmllanguage-1.20.1-47.4.22.jar, it does not contain dependency information.
[018月2026 03:35:04.254] [main/DEBUG] [net.minecraftforge.fml.loading.moddiscovery.AbstractJarFileDependencyLocator/]: Failed to load resource META-INF\jarjar\metadata.json from fmlcore-1.20.1-47.4.22.jar, it does not contain dependency information.
[018月2026 03:35:04.254] [main/DEBUG] [net.minecraftforge.fml.loading.moddiscovery.AbstractJarFileDependencyLocator/]: Failed to load resource META-INF\jarjar\metadata.json from lowcodelanguage-1.20.1-47.4.22.jar, it does not contain dependency information.
[018月2026 03:35:04.424] [main/DEBUG] [net.minecraftforge.fml.loading.moddiscovery.ModFileParser/LOADING]: Considering mod file candidate 
[018月2026 03:35:04.425] [main/DEBUG] [net.minecraftforge.fml.loading.moddiscovery.ModFileInfo/LOADING]: Found valid mod file ae2addonlib-1.0.4-1.20.1.jar with {ae2addonlib} mods - versions {1.0.4-1.20.1}
[018月2026 03:35:04.513] [main/DEBUG] [net.minecraftforge.fml.loading.moddiscovery.ModFileParser/LOADING]: Considering mod file candidate 
[018月2026 03:35:04.514] [main/DEBUG] [net.minecraftforge.fml.loading.moddiscovery.ModFileInfo/LOADING]: Found valid mod file TRansition-1.0.21-1.20.1-forge-SNAPSHOT.jar with {transition} mods - versions {1.0.21}
[018月2026 03:35:04.527] [main/DEBUG] [net.minecraftforge.fml.loading.moddiscovery.ModFileParser/LOADING]: Considering mod file candidate 
[018月2026 03:35:04.528] [main/DEBUG] [net.minecraftforge.fml.loading.moddiscovery.ModFileInfo/LOADING]: Found valid mod file TRender-1.0.15-1.20.1-forge-SNAPSHOT.jar with {trender} mods - versions {1.0.15}
[018月2026 03:35:04.552] [main/DEBUG] [net.minecraftforge.fml.loading.moddiscovery.ModFileParser/LOADING]: Considering mod file candidate 
[018月2026 03:35:04.554] [main/DEBUG] [net.minecraftforge.fml.loading.moddiscovery.ModFileInfo/LOADING]: Found valid mod file flywheel-forge-1.20.1-1.0.6-beta-266.jar with {flywheel} mods - versions {1.0.6-beta-266}
[018月2026 03:35:04.577] [main/DEBUG] [net.minecraftforge.fml.loading.moddiscovery.ModFileParser/LOADING]: Considering mod file candidate 
[018月2026 03:35:04.578] [main/DEBUG] [net.minecraftforge.fml.loading.moddiscovery.ModFileInfo/LOADING]: Found valid mod file Ponder-Forge-1.20.1-1.0.91.jar with {ponder} mods - versions {1.0.91}
[018月2026 03:35:04.581] [main/DEBUG] [net.minecraftforge.fml.loading.moddiscovery.ModFileParser/LOADING]: Considering mod file candidate 
[018月2026 03:35:04.582] [main/DEBUG] [net.minecraftforge.fml.loading.moddiscovery.ModFileInfo/LOADING]: Found valid mod file kuma-api-forge-20.1.12+1.20.1.jar with {kuma_api} mods - versions {20.1.12}
[018月2026 03:35:04.583] [main/DEBUG] [net.minecraftforge.fml.loading.moddiscovery.AbstractJarFileDependencyLocator/]: Failed to load resource META-INF\jarjar\metadata.json from common-image-3.12.0.jar, it does not contain dependency information.
[018月2026 03:35:04.583] [main/DEBUG] [net.minecraftforge.fml.loading.moddiscovery.AbstractJarFileDependencyLocator/]: Failed to load resource META-INF\jarjar\metadata.json from common-io-3.12.0.jar, it does not contain dependency information.
[018月2026 03:35:04.583] [main/DEBUG] [net.minecraftforge.fml.loading.moddiscovery.AbstractJarFileDependencyLocator/]: Failed to load resource META-INF\jarjar\metadata.json from common-lang-3.12.0.jar, it does not contain dependency information.
[018月2026 03:35:04.584] [main/DEBUG] [net.minecraftforge.fml.loading.moddiscovery.AbstractJarFileDependencyLocator/]: Failed to load resource META-INF\jarjar\metadata.json from imageio-core-3.12.0.jar, it does not contain dependency information.
[018月2026 03:35:04.584] [main/DEBUG] [net.minecraftforge.fml.loading.moddiscovery.AbstractJarFileDependencyLocator/]: Failed to load resource META-INF\jarjar\metadata.json from imageio-metadata-3.12.0.jar, it does not contain dependency information.
[018月2026 03:35:04.584] [main/DEBUG] [net.minecraftforge.fml.loading.moddiscovery.AbstractJarFileDependencyLocator/]: Failed to load resource META-INF\jarjar\metadata.json from imageio-webp-3.12.0.jar, it does not contain dependency information.
[018月2026 03:35:04.585] [main/DEBUG] [net.minecraftforge.fml.loading.moddiscovery.AbstractJarFileDependencyLocator/]: Failed to load resource META-INF\jarjar\metadata.json from gson-0.2.1.jar, it does not contain dependency information.
[018月2026 03:35:04.585] [main/DEBUG] [net.minecraftforge.fml.loading.moddiscovery.AbstractJarFileDependencyLocator/]: Failed to load resource META-INF\jarjar\metadata.json from json-0.2.1.jar, it does not contain dependency information.
[018月2026 03:35:04.585] [main/DEBUG] [net.minecraftforge.fml.loading.moddiscovery.AbstractJarFileDependencyLocator/]: Failed to load resource META-INF\jarjar\metadata.json from UnRealConfig-gson-12.3.4.jar, it does not contain dependency information.
[018月2026 03:35:04.585] [main/DEBUG] [net.minecraftforge.fml.loading.moddiscovery.AbstractJarFileDependencyLocator/]: Failed to load resource META-INF\jarjar\metadata.json from UnRealConfig-core-12.3.4.jar, it does not contain dependency information.
[018月2026 03:35:04.585] [main/DEBUG] [net.minecraftforge.fml.loading.moddiscovery.AbstractJarFileDependencyLocator/]: Failed to load resource META-INF\jarjar\metadata.json from ae2addonlib-1.0.4-1.20.1.jar, it does not contain dependency information.
[018月2026 03:35:04.586] [main/DEBUG] [net.minecraftforge.fml.loading.moddiscovery.AbstractJarFileDependencyLocator/]: Failed to load resource META-INF\jarjar\metadata.json from NanoLiveConfig-1.2.1.jar, it does not contain dependency information.
[018月2026 03:35:04.665] [main/DEBUG] [net.minecraftforge.fml.loading.moddiscovery.AbstractJarFileDependencyLocator/]: Failed to load resource META-INF\jarjar\metadata.json from mclib-20.jar, it does not contain dependency information.
[018月2026 03:35:04.666] [main/DEBUG] [net.minecraftforge.fml.loading.moddiscovery.AbstractJarFileDependencyLocator/]: Failed to load resource META-INF\jarjar\metadata.json from TRansition-1.0.21-1.20.1-forge-SNAPSHOT.jar, it does not contain dependency information.
[018月2026 03:35:04.666] [main/DEBUG] [net.minecraftforge.fml.loading.moddiscovery.AbstractJarFileDependencyLocator/]: Failed to load resource META-INF\jarjar\metadata.json from TRender-1.0.15-1.20.1-forge-SNAPSHOT.jar, it does not contain dependency information.
[018月2026 03:35:04.666] [main/DEBUG] [net.minecraftforge.fml.loading.moddiscovery.AbstractJarFileDependencyLocator/]: Failed to load resource META-INF\jarjar\metadata.json from flywheel-forge-1.20.1-1.0.6-beta-266.jar, it does not contain dependency information.
[018月2026 03:35:04.666] [main/DEBUG] [net.minecraftforge.fml.loading.moddiscovery.AbstractJarFileDependencyLocator/]: Failed to load resource META-INF\jarjar\metadata.json from Ponder-Forge-1.20.1-1.0.91.jar, it does not contain dependency information.
[018月2026 03:35:04.666] [main/DEBUG] [net.minecraftforge.fml.loading.moddiscovery.AbstractJarFileDependencyLocator/]: Failed to load resource META-INF\jarjar\metadata.json from kuma-api-forge-20.1.12+1.20.1.jar, it does not contain dependency information.
[018月2026 03:35:04.667] [main/DEBUG] [net.minecraftforge.fml.loading.moddiscovery.AbstractJarFileDependencyLocator/]: Failed to load resource META-INF\jarjar\metadata.json from MixinExtras-0.5.3.jar, it does not contain dependency information.
[018月2026 03:35:04.667] [main/DEBUG] [net.minecraftforge.fml.loading.moddiscovery.AbstractJarFileDependencyLocator/]: Failed to load resource META-INF\jarjar\metadata.json from MixinExtras-0.5.0.jar, it does not contain dependency information.
[018月2026 03:35:04.667] [main/DEBUG] [net.minecraftforge.fml.loading.moddiscovery.AbstractJarFileDependencyLocator/]: Failed to load resource META-INF\jarjar\metadata.json from MixinExtras-0.5.4.jar, it does not contain dependency information.
[018月2026 03:35:04.752] [main/DEBUG] [net.minecraftforge.fml.loading.moddiscovery.ModFileParser/LOADING]: Considering mod file candidate 
[018月2026 03:35:04.753] [main/DEBUG] [net.minecraftforge.fml.loading.moddiscovery.ModFileInfo/LOADING]: Found valid mod file ae2addonlib-1.0.4-1.20.1.jar with {ae2addonlib} mods - versions {1.0.4-1.20.1}
[018月2026 03:35:04.769] [main/DEBUG] [net.minecraftforge.fml.loading.moddiscovery.ModFileParser/LOADING]: Considering mod file candidate 
[018月2026 03:35:04.770] [main/DEBUG] [net.minecraftforge.fml.loading.moddiscovery.ModFileInfo/LOADING]: Found valid mod file flywheel-forge-1.20.1-1.0.6-beta-266.jar with {flywheel} mods - versions {1.0.6-beta-266}
[018月2026 03:35:04.798] [main/DEBUG] [net.minecraftforge.fml.loading.moddiscovery.ModFileParser/LOADING]: Considering mod file candidate 
[018月2026 03:35:04.799] [main/DEBUG] [net.minecraftforge.fml.loading.moddiscovery.ModFileInfo/LOADING]: Found valid mod file TRansition-1.0.21-1.20.1-forge-SNAPSHOT.jar with {transition} mods - versions {1.0.21}
[018月2026 03:35:04.813] [main/DEBUG] [net.minecraftforge.fml.loading.moddiscovery.ModFileParser/LOADING]: Considering mod file candidate 
[018月2026 03:35:04.814] [main/DEBUG] [net.minecraftforge.fml.loading.moddiscovery.ModFileInfo/LOADING]: Found valid mod file Ponder-Forge-1.20.1-1.0.91.jar with {ponder} mods - versions {1.0.91}
[018月2026 03:35:04.822] [main/DEBUG] [net.minecraftforge.fml.loading.moddiscovery.ModFileParser/LOADING]: Considering mod file candidate 
[018月2026 03:35:04.823] [main/DEBUG] [net.minecraftforge.fml.loading.moddiscovery.ModFileInfo/LOADING]: Found valid mod file TRender-1.0.15-1.20.1-forge-SNAPSHOT.jar with {trender} mods - versions {1.0.15}
[018月2026 03:35:04.836] [main/DEBUG] [net.minecraftforge.fml.loading.moddiscovery.ModFileParser/LOADING]: Considering mod file candidate 
[018月2026 03:35:04.838] [main/DEBUG] [net.minecraftforge.fml.loading.moddiscovery.ModFileInfo/LOADING]: Found valid mod file kuma-api-forge-20.1.12+1.20.1.jar with {kuma_api} mods - versions {20.1.12}
[018月2026 03:35:04.847] [main/WARN] [net.minecraftforge.jarjar.selection.JarSelector/]: Attempted to select a dependency jar for JarJar which was passed in as source: ae2addonlib. Using Mod File: C:\Users\81808\Downloads\astral_mekanism_more_machine\run\mods\AE2AddonLib-1.0.4-1.20.1.jar
[018月2026 03:35:04.848] [main/INFO] [net.minecraftforge.fml.loading.moddiscovery.JarInJarDependencyLocator/]: Found 19 dependencies adding them to mods collection
[018月2026 03:35:04.851] [main/DEBUG] [net.minecraftforge.fml.loading.moddiscovery.ModFileParser/LOADING]: Considering mod file candidate C:\Users\81808\Downloads\astral_mekanism_more_machine\run\mods\radium-mc1.20.1-0.12.4+git.26c9d8e.jar
[018月2026 03:35:04.853] [main/DEBUG] [net.minecraftforge.fml.loading.moddiscovery.ModFileInfo/LOADING]: Found valid mod file radium-mc1.20.1-0.12.4+git.26c9d8e.jar with {radium} mods - versions {0.12.4+git.26c9d8e}
[018月2026 03:35:04.858] [main/DEBUG] [net.minecraftforge.fml.loading.moddiscovery.ModFile/LOADING]: Loading mod file C:\Users\81808\Downloads\astral_mekanism_more_machine\run\mods\radium-mc1.20.1-0.12.4+git.26c9d8e.jar with languages [LanguageSpec[languageName=javafml, acceptedVersions=*]]
[018月2026 03:35:04.860] [main/DEBUG] [net.minecraftforge.fml.loading.moddiscovery.ModFileParser/LOADING]: Considering mod file candidate 
[018月2026 03:35:04.862] [main/DEBUG] [net.minecraftforge.fml.loading.moddiscovery.ModFileInfo/LOADING]: Found valid mod file kuma-api-forge-20.1.12+1.20.1.jar with {kuma_api} mods - versions {20.1.12}
[018月2026 03:35:04.862] [main/DEBUG] [net.minecraftforge.fml.loading.moddiscovery.ModFile/LOADING]: Loading mod file  with languages [LanguageSpec[languageName=javafml, acceptedVersions=[47,)]]
[018月2026 03:35:04.863] [main/DEBUG] [net.minecraftforge.fml.loading.moddiscovery.ModFileParser/LOADING]: Considering mod file candidate C:\Users\81808\Downloads\astral_mekanism_more_machine\run\mods\EvolvedMekanismExtras-1.20.1-1.5.0-fix1-all.jar
[018月2026 03:35:04.863] [main/DEBUG] [net.minecraftforge.fml.loading.moddiscovery.ModFileInfo/LOADING]: Found valid mod file EvolvedMekanismExtras-1.20.1-1.5.0-fix1-all.jar with {emextras} mods - versions {1.5.0-fix1}
[018月2026 03:35:04.864] [main/DEBUG] [net.minecraftforge.fml.loading.moddiscovery.ModFile/LOADING]: Loading mod file C:\Users\81808\Downloads\astral_mekanism_more_machine\run\mods\EvolvedMekanismExtras-1.20.1-1.5.0-fix1-all.jar with languages [LanguageSpec[languageName=javafml, acceptedVersions=[47,)]]
[018月2026 03:35:04.864] [main/DEBUG] [net.minecraftforge.fml.loading.moddiscovery.ModFileParser/LOADING]: Considering mod file candidate C:\Users\81808\Downloads\astral_mekanism_more_machine\run\mods\flatbedrock-forge-3.0.1-build.18+mc1.20.1.jar
[018月2026 03:35:04.865] [main/DEBUG] [net.minecraftforge.fml.loading.moddiscovery.ModFileInfo/LOADING]: Found valid mod file flatbedrock-forge-3.0.1-build.18+mc1.20.1.jar with {flatbedrock} mods - versions {3.0.1-build.18+mc1.20.1}
[018月2026 03:35:04.865] [main/DEBUG] [net.minecraftforge.fml.loading.moddiscovery.ModFile/LOADING]: Loading mod file C:\Users\81808\Downloads\astral_mekanism_more_machine\run\mods\flatbedrock-forge-3.0.1-build.18+mc1.20.1.jar with languages [LanguageSpec[languageName=javafml, acceptedVersions=[43,)]]
[018月2026 03:35:04.866] [main/DEBUG] [net.minecraftforge.fml.loading.moddiscovery.ModFileParser/LOADING]: Considering mod file candidate C:\Users\81808\Downloads\astral_mekanism_more_machine\run\mods\geckolib-forge-1.20.1-4.8.4.jar
[018月2026 03:35:04.867] [main/DEBUG] [net.minecraftforge.fml.loading.moddiscovery.ModFileInfo/LOADING]: Found valid mod file geckolib-forge-1.20.1-4.8.4.jar with {geckolib} mods - versions {4.8.4}
[018月2026 03:35:04.867] [main/DEBUG] [net.minecraftforge.fml.loading.moddiscovery.ModFile/LOADING]: Loading mod file C:\Users\81808\Downloads\astral_mekanism_more_machine\run\mods\geckolib-forge-1.20.1-4.8.4.jar with languages [LanguageSpec[languageName=javafml, acceptedVersions=[47,)]]
[018月2026 03:35:04.868] [main/DEBUG] [net.minecraftforge.fml.loading.moddiscovery.ModFileParser/LOADING]: Considering mod file candidate 
[018月2026 03:35:04.868] [main/DEBUG] [net.minecraftforge.fml.loading.moddiscovery.ModFileInfo/LOADING]: Found valid mod file Ponder-Forge-1.20.1-1.0.91.jar with {ponder} mods - versions {1.0.91}
[018月2026 03:35:04.869] [main/DEBUG] [net.minecraftforge.fml.loading.moddiscovery.ModFile/LOADING]: Loading mod file  with languages [LanguageSpec[languageName=javafml, acceptedVersions=[47,)]]
[018月2026 03:35:04.869] [main/DEBUG] [net.minecraftforge.fml.loading.moddiscovery.ModFileParser/LOADING]: Considering mod file candidate C:\Users\81808\Downloads\astral_mekanism_more_machine\run\mods\appliedenergistics2-forge-15.4.10.jar
[018月2026 03:35:04.870] [main/DEBUG] [net.minecraftforge.fml.loading.moddiscovery.ModFileInfo/LOADING]: Found valid mod file appliedenergistics2-forge-15.4.10.jar with {ae2} mods - versions {15.4.10}
[018月2026 03:35:04.870] [main/DEBUG] [net.minecraftforge.fml.loading.moddiscovery.ModFile/LOADING]: Loading mod file C:\Users\81808\Downloads\astral_mekanism_more_machine\run\mods\appliedenergistics2-forge-15.4.10.jar with languages [LanguageSpec[languageName=javafml, acceptedVersions=[44,)]]
[018月2026 03:35:04.871] [main/DEBUG] [net.minecraftforge.fml.loading.moddiscovery.ModFileParser/LOADING]: Considering mod file candidate C:\Users\81808\Downloads\astral_mekanism_more_machine\run\mods\jei-1.20.1-forge-15.21.0.148.jar
[018月2026 03:35:04.872] [main/DEBUG] [net.minecraftforge.fml.loading.moddiscovery.ModFileInfo/LOADING]: Found valid mod file jei-1.20.1-forge-15.21.0.148.jar with {jei} mods - versions {15.21.0.148}
[018月2026 03:35:04.872] [main/DEBUG] [net.minecraftforge.fml.loading.moddiscovery.ModFile/LOADING]: Loading mod file C:\Users\81808\Downloads\astral_mekanism_more_machine\run\mods\jei-1.20.1-forge-15.21.0.148.jar with languages [LanguageSpec[languageName=javafml, acceptedVersions=[47,)]]
[018月2026 03:35:04.873] [main/DEBUG] [net.minecraftforge.fml.loading.moddiscovery.ModFileParser/LOADING]: Considering mod file candidate C:\Users\81808\Downloads\astral_mekanism_more_machine\run\mods\Iglee's Library-1.20.1-1.2.7.jar
[018月2026 03:35:04.874] [main/DEBUG] [net.minecraftforge.fml.loading.moddiscovery.ModFileInfo/LOADING]: Found valid mod file Iglee's Library-1.20.1-1.2.7.jar with {igleelib} mods - versions {1.2.7}
[018月2026 03:35:04.875] [main/DEBUG] [net.minecraftforge.fml.loading.moddiscovery.ModFile/LOADING]: Loading mod file C:\Users\81808\Downloads\astral_mekanism_more_machine\run\mods\Iglee's Library-1.20.1-1.2.7.jar with languages [LanguageSpec[languageName=javafml, acceptedVersions=[47,)]]
[018月2026 03:35:04.875] [main/DEBUG] [net.minecraftforge.fml.loading.moddiscovery.ModFileParser/LOADING]: Considering mod file candidate 
[018月2026 03:35:04.877] [main/DEBUG] [net.minecraftforge.fml.loading.moddiscovery.ModFileInfo/LOADING]: Found valid mod file TRender-1.0.15-1.20.1-forge-SNAPSHOT.jar with {trender} mods - versions {1.0.15}
[018月2026 03:35:04.877] [main/DEBUG] [net.minecraftforge.fml.loading.moddiscovery.ModFile/LOADING]: Loading mod file  with languages [LanguageSpec[languageName=javafml, acceptedVersions=[28,)]]
[018月2026 03:35:04.877] [main/DEBUG] [net.minecraftforge.fml.loading.moddiscovery.ModFileParser/LOADING]: Considering mod file candidate C:\Users\81808\Downloads\astral_mekanism_more_machine\run\mods\JAVD-Forge-5.0.1+mc1.20.1.jar
[018月2026 03:35:04.879] [main/DEBUG] [net.minecraftforge.fml.loading.moddiscovery.ModFileInfo/LOADING]: Found valid mod file JAVD-Forge-5.0.1+mc1.20.1.jar with {javd} mods - versions {5.0.1+mc1.20.1}
[018月2026 03:35:04.880] [main/DEBUG] [net.minecraftforge.fml.loading.moddiscovery.ModFile/LOADING]: Loading mod file C:\Users\81808\Downloads\astral_mekanism_more_machine\run\mods\JAVD-Forge-5.0.1+mc1.20.1.jar with languages [LanguageSpec[languageName=javafml, acceptedVersions=[44,)]]
[018月2026 03:35:04.880] [main/DEBUG] [net.minecraftforge.fml.loading.moddiscovery.ModFileParser/LOADING]: Considering mod file candidate C:\Users\81808\Downloads\astral_mekanism_more_machine\run\mods\Mekanism-1.20.1-10.4.16.80.jar
[018月2026 03:35:04.881] [main/DEBUG] [net.minecraftforge.fml.loading.moddiscovery.ModFileInfo/LOADING]: Found valid mod file Mekanism-1.20.1-10.4.16.80.jar with {mekanism} mods - versions {10.4.16}
[018月2026 03:35:04.882] [main/DEBUG] [net.minecraftforge.fml.loading.moddiscovery.ModFile/LOADING]: Loading mod file C:\Users\81808\Downloads\astral_mekanism_more_machine\run\mods\Mekanism-1.20.1-10.4.16.80.jar with languages [LanguageSpec[languageName=javafml, acceptedVersions=[47,)]]
[018月2026 03:35:04.882] [main/DEBUG] [net.minecraftforge.fml.loading.moddiscovery.ModFileParser/LOADING]: Considering mod file candidate C:\Users\81808\Downloads\astral_mekanism_more_machine\run\mods\mekanism_the_valine-1.20.1-1.0.1.jar
[018月2026 03:35:04.883] [main/DEBUG] [net.minecraftforge.fml.loading.moddiscovery.ModFileInfo/LOADING]: Found valid mod file mekanism_the_valine-1.20.1-1.0.1.jar with {mekanism_the_valine} mods - versions {1.20.1-1.0.1}
[018月2026 03:35:04.883] [main/DEBUG] [net.minecraftforge.fml.loading.moddiscovery.ModFile/LOADING]: Loading mod file C:\Users\81808\Downloads\astral_mekanism_more_machine\run\mods\mekanism_the_valine-1.20.1-1.0.1.jar with languages [LanguageSpec[languageName=javafml, acceptedVersions=[47,)]]
[018月2026 03:35:04.884] [main/DEBUG] [net.minecraftforge.fml.loading.moddiscovery.ModFileParser/LOADING]: Considering mod file candidate C:\Users\81808\Downloads\astral_mekanism_more_machine\run\mods\builders_dimension-1.0.1-forge-1.20.1.jar
[018月2026 03:35:04.885] [main/DEBUG] [net.minecraftforge.fml.loading.moddiscovery.ModFileInfo/LOADING]: Found valid mod file builders_dimension-1.0.1-forge-1.20.1.jar with {builders_dimension} mods - versions {1.0.1}
[018月2026 03:35:04.885] [main/DEBUG] [net.minecraftforge.fml.loading.moddiscovery.ModFile/LOADING]: Loading mod file C:\Users\81808\Downloads\astral_mekanism_more_machine\run\mods\builders_dimension-1.0.1-forge-1.20.1.jar with languages [LanguageSpec[languageName=javafml, acceptedVersions=[47,)]]
[018月2026 03:35:04.885] [main/DEBUG] [net.minecraftforge.fml.loading.moddiscovery.ModFileParser/LOADING]: Considering mod file candidate C:\Users\81808\Downloads\astral_mekanism_more_machine\run\mods\Neat-1.20.1-41-FORGE.jar
[018月2026 03:35:04.886] [main/DEBUG] [net.minecraftforge.fml.loading.moddiscovery.ModFileInfo/LOADING]: Found valid mod file Neat-1.20.1-41-FORGE.jar with {neat} mods - versions {1.20.1-41-FORGE}
[018月2026 03:35:04.887] [main/DEBUG] [net.minecraftforge.fml.loading.moddiscovery.ModFile/LOADING]: Loading mod file C:\Users\81808\Downloads\astral_mekanism_more_machine\run\mods\Neat-1.20.1-41-FORGE.jar with languages [LanguageSpec[languageName=javafml, acceptedVersions=[45,)]]
[018月2026 03:35:04.887] [main/DEBUG] [net.minecraftforge.fml.loading.moddiscovery.ModFileParser/LOADING]: Considering mod file candidate C:\Users\81808\Downloads\astral_mekanism_more_machine\run\mods\Clumps-forge-1.20.1-12.0.0.4.jar
[018月2026 03:35:04.888] [main/DEBUG] [net.minecraftforge.fml.loading.moddiscovery.ModFileInfo/LOADING]: Found valid mod file Clumps-forge-1.20.1-12.0.0.4.jar with {clumps} mods - versions {12.0.0.4}
[018月2026 03:35:04.888] [main/DEBUG] [net.minecraftforge.fml.loading.moddiscovery.ModFile/LOADING]: Loading mod file C:\Users\81808\Downloads\astral_mekanism_more_machine\run\mods\Clumps-forge-1.20.1-12.0.0.4.jar with languages [LanguageSpec[languageName=javafml, acceptedVersions=[41,)]]
[018月2026 03:35:04.889] [main/DEBUG] [net.minecraftforge.fml.loading.moddiscovery.ModFileParser/LOADING]: Considering mod file candidate C:\Users\81808\Downloads\astral_mekanism_more_machine\build\resources\main
[018月2026 03:35:04.892] [main/DEBUG] [net.minecraftforge.fml.loading.moddiscovery.ModFileInfo/LOADING]: Found valid mod file main with {astral_mekanism_more_machine} mods - versions {1.0-SNAPSHOT}
[018月2026 03:35:04.892] [main/DEBUG] [net.minecraftforge.fml.loading.moddiscovery.ModFile/LOADING]: Loading mod file C:\Users\81808\Downloads\astral_mekanism_more_machine\build\resources\main with languages [LanguageSpec[languageName=javafml, acceptedVersions=[47,)]]
[018月2026 03:35:04.894] [main/DEBUG] [net.minecraftforge.fml.loading.moddiscovery.ModFileParser/LOADING]: Considering mod file candidate C:\Users\81808\Downloads\astral_mekanism_more_machine\run\mods\immersive_optimization-forge-1.20.1-0.2.0.jar
[018月2026 03:35:04.895] [main/DEBUG] [net.minecraftforge.fml.loading.moddiscovery.ModFileInfo/LOADING]: Found valid mod file immersive_optimization-forge-1.20.1-0.2.0.jar with {immersive_optimization} mods - versions {0.2.0}
[018月2026 03:35:04.895] [main/DEBUG] [net.minecraftforge.fml.loading.moddiscovery.ModFile/LOADING]: Loading mod file C:\Users\81808\Downloads\astral_mekanism_more_machine\run\mods\immersive_optimization-forge-1.20.1-0.2.0.jar with languages [LanguageSpec[languageName=javafml, acceptedVersions=[47,)]]
[018月2026 03:35:04.895] [main/DEBUG] [net.minecraftforge.fml.loading.moddiscovery.ModFileParser/LOADING]: Considering mod file candidate C:\Users\81808\Downloads\astral_mekanism_more_machine\run\mods\BotanyPots-Forge-1.20.1-13.0.43.jar
[018月2026 03:35:04.896] [main/DEBUG] [net.minecraftforge.fml.loading.moddiscovery.ModFileInfo/LOADING]: Found valid mod file BotanyPots-Forge-1.20.1-13.0.43.jar with {botanypots} mods - versions {13.0.43}
[018月2026 03:35:04.896] [main/DEBUG] [net.minecraftforge.fml.loading.moddiscovery.ModFile/LOADING]: Loading mod file C:\Users\81808\Downloads\astral_mekanism_more_machine\run\mods\BotanyPots-Forge-1.20.1-13.0.43.jar with languages [LanguageSpec[languageName=javafml, acceptedVersions=[47,)]]
[018月2026 03:35:04.897] [main/DEBUG] [net.minecraftforge.fml.loading.moddiscovery.ModFileParser/LOADING]: Considering mod file candidate C:\Users\81808\Downloads\astral_mekanism_more_machine\run\mods\Bookshelf-Forge-1.20.1-20.2.15.jar
[018月2026 03:35:04.897] [main/DEBUG] [net.minecraftforge.fml.loading.moddiscovery.ModFileInfo/LOADING]: Found valid mod file Bookshelf-Forge-1.20.1-20.2.15.jar with {bookshelf} mods - versions {20.2.15}
[018月2026 03:35:04.898] [main/DEBUG] [net.minecraftforge.fml.loading.moddiscovery.ModFile/LOADING]: Loading mod file C:\Users\81808\Downloads\astral_mekanism_more_machine\run\mods\Bookshelf-Forge-1.20.1-20.2.15.jar with languages [LanguageSpec[languageName=javafml, acceptedVersions=[47,)]]
[018月2026 03:35:04.898] [main/DEBUG] [net.minecraftforge.fml.loading.moddiscovery.ModFileParser/LOADING]: Considering mod file candidate C:\Users\81808\Downloads\astral_mekanism_more_machine\run\mods\guideme-20.1.15.jar
[018月2026 03:35:04.899] [main/DEBUG] [net.minecraftforge.fml.loading.moddiscovery.ModFileInfo/LOADING]: Found valid mod file guideme-20.1.15.jar with {guideme} mods - versions {20.1.15}
[018月2026 03:35:04.899] [main/DEBUG] [net.minecraftforge.fml.loading.moddiscovery.ModFile/LOADING]: Loading mod file C:\Users\81808\Downloads\astral_mekanism_more_machine\run\mods\guideme-20.1.15.jar with languages [LanguageSpec[languageName=javafml, acceptedVersions=*]]
[018月2026 03:35:04.899] [main/DEBUG] [net.minecraftforge.fml.loading.moddiscovery.ModFileParser/LOADING]: Considering mod file candidate C:\Users\81808\Downloads\astral_mekanism_more_machine\run\mods\clientsort-forge-2.2.2+1.20.1.jar
[018月2026 03:35:04.902] [main/DEBUG] [net.minecraftforge.fml.loading.moddiscovery.ModFileInfo/LOADING]: Found valid mod file clientsort-forge-2.2.2+1.20.1.jar with {clientsort} mods - versions {2.2.2+1.20.1}
[018月2026 03:35:04.903] [main/DEBUG] [net.minecraftforge.fml.loading.moddiscovery.ModFile/LOADING]: Loading mod file C:\Users\81808\Downloads\astral_mekanism_more_machine\run\mods\clientsort-forge-2.2.2+1.20.1.jar with languages [LanguageSpec[languageName=javafml, acceptedVersions=[1,)]]
[018月2026 03:35:04.903] [main/DEBUG] [net.minecraftforge.fml.loading.moddiscovery.ModFileParser/LOADING]: Considering mod file candidate C:\Users\81808\Downloads\astral_mekanism_more_machine\run\mods\balm-forge-1.20.1-7.3.42.jar
[018月2026 03:35:04.904] [main/DEBUG] [net.minecraftforge.fml.loading.moddiscovery.ModFileInfo/LOADING]: Found valid mod file balm-forge-1.20.1-7.3.42.jar with {balm} mods - versions {7.3.42}
[018月2026 03:35:04.905] [main/DEBUG] [net.minecraftforge.fml.loading.moddiscovery.ModFile/LOADING]: Loading mod file C:\Users\81808\Downloads\astral_mekanism_more_machine\run\mods\balm-forge-1.20.1-7.3.42.jar with languages [LanguageSpec[languageName=javafml, acceptedVersions=[46,)]]
[018月2026 03:35:04.905] [main/DEBUG] [net.minecraftforge.fml.loading.moddiscovery.ModFileParser/LOADING]: Considering mod file candidate C:\Users\81808\Downloads\astral_mekanism_more_machine\run\mods\MekanismGenerators-1.20.1-10.4.16.80.jar
[018月2026 03:35:04.906] [main/DEBUG] [net.minecraftforge.fml.loading.moddiscovery.ModFileInfo/LOADING]: Found valid mod file MekanismGenerators-1.20.1-10.4.16.80.jar with {mekanismgenerators} mods - versions {10.4.16}
[018月2026 03:35:04.906] [main/DEBUG] [net.minecraftforge.fml.loading.moddiscovery.ModFile/LOADING]: Loading mod file C:\Users\81808\Downloads\astral_mekanism_more_machine\run\mods\MekanismGenerators-1.20.1-10.4.16.80.jar with languages [LanguageSpec[languageName=javafml, acceptedVersions=[47,)]]
[018月2026 03:35:04.907] [main/DEBUG] [net.minecraftforge.fml.loading.moddiscovery.ModFileParser/LOADING]: Considering mod file candidate C:\Users\81808\Downloads\astral_mekanism_more_machine\run\mods\AdvancedAE-1.3.5-1.20.1.jar
[018月2026 03:35:04.908] [main/DEBUG] [net.minecraftforge.fml.loading.moddiscovery.ModFileInfo/LOADING]: Found valid mod file AdvancedAE-1.3.5-1.20.1.jar with {advanced_ae} mods - versions {1.3.5-1.20.1}
[018月2026 03:35:04.908] [main/DEBUG] [net.minecraftforge.fml.loading.moddiscovery.ModFile/LOADING]: Loading mod file C:\Users\81808\Downloads\astral_mekanism_more_machine\run\mods\AdvancedAE-1.3.5-1.20.1.jar with languages [LanguageSpec[languageName=javafml, acceptedVersions=[47,)]]
[018月2026 03:35:04.908] [main/DEBUG] [net.minecraftforge.fml.loading.moddiscovery.ModFileParser/LOADING]: Considering mod file candidate C:\Users\81808\Downloads\astral_mekanism_more_machine\run\mods\cloth-config-11.1.136-forge.jar
[018月2026 03:35:04.910] [main/DEBUG] [net.minecraftforge.fml.loading.moddiscovery.ModFileInfo/LOADING]: Found valid mod file cloth-config-11.1.136-forge.jar with {cloth_config} mods - versions {11.1.136}
[018月2026 03:35:04.910] [main/DEBUG] [net.minecraftforge.fml.loading.moddiscovery.ModFile/LOADING]: Loading mod file C:\Users\81808\Downloads\astral_mekanism_more_machine\run\mods\cloth-config-11.1.136-forge.jar with languages [LanguageSpec[languageName=javafml, acceptedVersions=[34,)]]
[018月2026 03:35:04.910] [main/DEBUG] [net.minecraftforge.fml.loading.moddiscovery.ModFileParser/LOADING]: Considering mod file candidate /
[018月2026 03:35:04.912] [main/DEBUG] [net.minecraftforge.fml.loading.moddiscovery.ModFileInfo/LOADING]: Found valid mod file  with {forge} mods - versions {47.4.22}
[018月2026 03:35:04.912] [main/DEBUG] [net.minecraftforge.fml.loading.moddiscovery.ModFile/LOADING]: Loading mod file / with languages [LanguageSpec[languageName=javafml, acceptedVersions=[24,]]]
[018月2026 03:35:04.916] [main/DEBUG] [net.minecraftforge.fml.loading.moddiscovery.ModFileParser/LOADING]: Found coremod field_to_method with Javascript path coremods/field_to_method.js
[018月2026 03:35:04.917] [main/DEBUG] [net.minecraftforge.fml.loading.moddiscovery.ModFileParser/LOADING]: Found coremod field_to_instanceof with Javascript path coremods/field_to_instanceof.js
[018月2026 03:35:04.917] [main/DEBUG] [net.minecraftforge.fml.loading.moddiscovery.ModFileParser/LOADING]: Found coremod add_bouncer_method with Javascript path coremods/add_bouncer_method.js
[018月2026 03:35:04.917] [main/DEBUG] [net.minecraftforge.fml.loading.moddiscovery.ModFileParser/LOADING]: Found coremod method_redirector with Javascript path coremods/method_redirector.js
[018月2026 03:35:04.917] [main/DEBUG] [net.minecraftforge.fml.loading.moddiscovery.ModFile/LOADING]: Found coremod coremods/field_to_method.js
[018月2026 03:35:04.917] [main/DEBUG] [net.minecraftforge.fml.loading.moddiscovery.ModFile/LOADING]: Found coremod coremods/field_to_instanceof.js
[018月2026 03:35:04.917] [main/DEBUG] [net.minecraftforge.fml.loading.moddiscovery.ModFile/LOADING]: Found coremod coremods/add_bouncer_method.js
[018月2026 03:35:04.917] [main/DEBUG] [net.minecraftforge.fml.loading.moddiscovery.ModFile/LOADING]: Found coremod coremods/method_redirector.js
[018月2026 03:35:04.918] [main/DEBUG] [net.minecraftforge.fml.loading.moddiscovery.ModFileParser/LOADING]: Considering mod file candidate C:\Users\81808\Downloads\astral_mekanism_more_machine\run\mods\compactmekanismmachines-0.1.9.jar
[018月2026 03:35:04.919] [main/DEBUG] [net.minecraftforge.fml.loading.moddiscovery.ModFileInfo/LOADING]: Found valid mod file compactmekanismmachines-0.1.9.jar with {compactmekanismmachines} mods - versions {0.1.9}
[018月2026 03:35:04.919] [main/DEBUG] [net.minecraftforge.fml.loading.moddiscovery.ModFile/LOADING]: Loading mod file C:\Users\81808\Downloads\astral_mekanism_more_machine\run\mods\compactmekanismmachines-0.1.9.jar with languages [LanguageSpec[languageName=javafml, acceptedVersions=[47,)]]
[018月2026 03:35:04.919] [main/DEBUG] [net.minecraftforge.fml.loading.moddiscovery.ModFileParser/LOADING]: Considering mod file candidate C:\Users\81808\Downloads\astral_mekanism_more_machine\run\mods\astral_mekanism-1.8.2.jar
[018月2026 03:35:04.921] [main/DEBUG] [net.minecraftforge.fml.loading.moddiscovery.ModFileInfo/LOADING]: Found valid mod file astral_mekanism-1.8.2.jar with {astral_mekanism} mods - versions {1.8.2}
[018月2026 03:35:04.921] [main/DEBUG] [net.minecraftforge.fml.loading.moddiscovery.ModFile/LOADING]: Loading mod file C:\Users\81808\Downloads\astral_mekanism_more_machine\run\mods\astral_mekanism-1.8.2.jar with languages [LanguageSpec[languageName=javafml, acceptedVersions=[47,)]]
[018月2026 03:35:04.923] [main/WARN] [net.minecraftforge.fml.loading.moddiscovery.ModFile/]: astral_mekanism-1.8.2.jar contains an invalid 'accessTransformers' TOML entry. Should be e.g. accessTransformers = ["META-INF/accesstransformer.cfg", "META-INF/extra_at.cfg"] or accessTransformers = [] for no ATs. Falling back to default.
[018月2026 03:35:04.923] [main/DEBUG] [net.minecraftforge.fml.loading.moddiscovery.ModFileParser/LOADING]: Considering mod file candidate C:\Users\81808\Downloads\astral_mekanism_more_machine\run\mods\trenzalore-forge-3.3.10+mc1.20.1-all.jar
[018月2026 03:35:04.924] [main/DEBUG] [net.minecraftforge.fml.loading.moddiscovery.ModFileInfo/LOADING]: Found valid mod file trenzalore-forge-3.3.10+mc1.20.1-all.jar with {trenzalore} mods - versions {3.3.10}
[018月2026 03:35:04.924] [main/DEBUG] [net.minecraftforge.fml.loading.moddiscovery.ModFile/LOADING]: Loading mod file C:\Users\81808\Downloads\astral_mekanism_more_machine\run\mods\trenzalore-forge-3.3.10+mc1.20.1-all.jar with languages [LanguageSpec[languageName=javafml, acceptedVersions=[44,)]]
[018月2026 03:35:04.925] [main/DEBUG] [net.minecraftforge.fml.loading.moddiscovery.ModFileParser/LOADING]: Considering mod file candidate C:\Users\81808\Downloads\astral_mekanism_more_machine\run\mods\staaaaaaaaaaaack-forge-1.20.1-1.5-71.jar
[018月2026 03:35:04.926] [main/DEBUG] [net.minecraftforge.fml.loading.moddiscovery.ModFileInfo/LOADING]: Found valid mod file staaaaaaaaaaaack-forge-1.20.1-1.5-71.jar with {staaaaaaaaaaaack} mods - versions {1.20.1-1.5-71}
[018月2026 03:35:04.926] [main/DEBUG] [net.minecraftforge.fml.loading.moddiscovery.ModFile/LOADING]: Loading mod file C:\Users\81808\Downloads\astral_mekanism_more_machine\run\mods\staaaaaaaaaaaack-forge-1.20.1-1.5-71.jar with languages [LanguageSpec[languageName=javafml, acceptedVersions=[46,)]]
[018月2026 03:35:04.926] [main/DEBUG] [net.minecraftforge.fml.loading.moddiscovery.ModFileParser/LOADING]: Considering mod file candidate C:\Users\81808\Downloads\astral_mekanism_more_machine\run\mods\craftingtweaks-forge-1.20.1-18.2.9.jar
[018月2026 03:35:04.927] [main/DEBUG] [net.minecraftforge.fml.loading.moddiscovery.ModFileInfo/LOADING]: Found valid mod file craftingtweaks-forge-1.20.1-18.2.9.jar with {craftingtweaks} mods - versions {18.2.9}
[018月2026 03:35:04.928] [main/DEBUG] [net.minecraftforge.fml.loading.moddiscovery.ModFile/LOADING]: Loading mod file C:\Users\81808\Downloads\astral_mekanism_more_machine\run\mods\craftingtweaks-forge-1.20.1-18.2.9.jar with languages [LanguageSpec[languageName=javafml, acceptedVersions=[46,)]]
[018月2026 03:35:04.928] [main/DEBUG] [net.minecraftforge.fml.loading.moddiscovery.ModFileParser/LOADING]: Considering mod file candidate C:\Users\81808\Downloads\astral_mekanism_more_machine\run\mods\AppliedFlux-1.20-1.3.7-forge.jar
[018月2026 03:35:04.929] [main/DEBUG] [net.minecraftforge.fml.loading.moddiscovery.ModFileInfo/LOADING]: Found valid mod file AppliedFlux-1.20-1.3.7-forge.jar with {appflux} mods - versions {1.20-1.3.7-forge}
[018月2026 03:35:04.929] [main/DEBUG] [net.minecraftforge.fml.loading.moddiscovery.ModFile/LOADING]: Loading mod file C:\Users\81808\Downloads\astral_mekanism_more_machine\run\mods\AppliedFlux-1.20-1.3.7-forge.jar with languages [LanguageSpec[languageName=javafml, acceptedVersions=[47,)]]
[018月2026 03:35:04.929] [main/DEBUG] [net.minecraftforge.fml.loading.moddiscovery.ModFileParser/LOADING]: Considering mod file candidate C:\Users\81808\Downloads\astral_mekanism_more_machine\run\mods\Glodium-1.20-1.5-forge.jar
[018月2026 03:35:04.930] [main/DEBUG] [net.minecraftforge.fml.loading.moddiscovery.ModFileInfo/LOADING]: Found valid mod file Glodium-1.20-1.5-forge.jar with {glodium} mods - versions {1.20-1.5-forge}
[018月2026 03:35:04.931] [main/DEBUG] [net.minecraftforge.fml.loading.moddiscovery.ModFile/LOADING]: Loading mod file C:\Users\81808\Downloads\astral_mekanism_more_machine\run\mods\Glodium-1.20-1.5-forge.jar with languages [LanguageSpec[languageName=javafml, acceptedVersions=[47,)]]
[018月2026 03:35:04.931] [main/DEBUG] [net.minecraftforge.fml.loading.moddiscovery.ModFileInfo/LOADING]: Found valid mod file forge-1.20.1-47.4.22_mapped_official_1.20.1-recomp.jar with {minecraft} mods - versions {1.20.1}
[018月2026 03:35:04.932] [main/DEBUG] [net.minecraftforge.fml.loading.moddiscovery.ModFile/LOADING]: Loading mod file C:\Users\81808\.gradle\caches\forge_gradle\minecraft_user_repo\net\minecraftforge\forge\1.20.1-47.4.22_mapped_official_1.20.1\forge-1.20.1-47.4.22_mapped_official_1.20.1-recomp.jar with languages [LanguageSpec[languageName=minecraft, acceptedVersions=1]]
[018月2026 03:35:04.932] [main/DEBUG] [net.minecraftforge.fml.loading.moddiscovery.ModFileParser/LOADING]: Considering mod file candidate C:\Users\81808\Downloads\astral_mekanism_more_machine\run\mods\mekanism_extras-1.20.1-1.5.0.jar
[018月2026 03:35:04.933] [main/DEBUG] [net.minecraftforge.fml.loading.moddiscovery.ModFileInfo/LOADING]: Found valid mod file mekanism_extras-1.20.1-1.5.0.jar with {mekanism_extras} mods - versions {1.5.0}
[018月2026 03:35:04.933] [main/DEBUG] [net.minecraftforge.fml.loading.moddiscovery.ModFile/LOADING]: Loading mod file C:\Users\81808\Downloads\astral_mekanism_more_machine\run\mods\mekanism_extras-1.20.1-1.5.0.jar with languages [LanguageSpec[languageName=javafml, acceptedVersions=[47,)]]
[018月2026 03:35:04.934] [main/DEBUG] [net.minecraftforge.fml.loading.moddiscovery.ModFileParser/LOADING]: Considering mod file candidate C:\Users\81808\Downloads\astral_mekanism_more_machine\run\mods\MouseTweaks-forge-mc1.20.1-2.25.1.jar
[018月2026 03:35:04.934] [main/DEBUG] [net.minecraftforge.fml.loading.moddiscovery.ModFileInfo/LOADING]: Found valid mod file MouseTweaks-forge-mc1.20.1-2.25.1.jar with {mousetweaks} mods - versions {2.25.1}
[018月2026 03:35:04.935] [main/DEBUG] [net.minecraftforge.fml.loading.moddiscovery.ModFile/LOADING]: Loading mod file C:\Users\81808\Downloads\astral_mekanism_more_machine\run\mods\MouseTweaks-forge-mc1.20.1-2.25.1.jar with languages [LanguageSpec[languageName=javafml, acceptedVersions=[46,)]]
[018月2026 03:35:04.935] [main/DEBUG] [net.minecraftforge.fml.loading.moddiscovery.ModFileParser/LOADING]: Considering mod file candidate C:\Users\81808\Downloads\astral_mekanism_more_machine\run\mods\Evolved Mekanism-1.20.1-1.2.1-fix4.jar
[018月2026 03:35:04.936] [main/DEBUG] [net.minecraftforge.fml.loading.moddiscovery.ModFileInfo/LOADING]: Found valid mod file Evolved Mekanism-1.20.1-1.2.1-fix4.jar with {evolvedmekanism} mods - versions {1.2.1-fix4}
[018月2026 03:35:04.936] [main/DEBUG] [net.minecraftforge.fml.loading.moddiscovery.ModFile/LOADING]: Loading mod file C:\Users\81808\Downloads\astral_mekanism_more_machine\run\mods\Evolved Mekanism-1.20.1-1.2.1-fix4.jar with languages [LanguageSpec[languageName=javafml, acceptedVersions=[47,)]]
[018月2026 03:35:04.936] [main/DEBUG] [net.minecraftforge.fml.loading.moddiscovery.ModFileParser/LOADING]: Considering mod file candidate C:\Users\81808\Downloads\astral_mekanism_more_machine\run\mods\Jade-1.20.1-Forge-11.13.3.jar
[018月2026 03:35:04.937] [main/DEBUG] [net.minecraftforge.fml.loading.moddiscovery.ModFileInfo/LOADING]: Found valid mod file Jade-1.20.1-Forge-11.13.3.jar with {jade} mods - versions {11.13.3+forge}
[018月2026 03:35:04.937] [main/DEBUG] [net.minecraftforge.fml.loading.moddiscovery.ModFile/LOADING]: Loading mod file C:\Users\81808\Downloads\astral_mekanism_more_machine\run\mods\Jade-1.20.1-Forge-11.13.3.jar with languages [LanguageSpec[languageName=javafml, acceptedVersions=[46,)]]
[018月2026 03:35:04.938] [main/DEBUG] [net.minecraftforge.fml.loading.moddiscovery.ModFileParser/LOADING]: Considering mod file candidate C:\Users\81808\Downloads\astral_mekanism_more_machine\run\mods\stack_upgrade_integration-1.0.2-all.jar
[018月2026 03:35:04.939] [main/DEBUG] [net.minecraftforge.fml.loading.moddiscovery.ModFileInfo/LOADING]: Found valid mod file stack_upgrade_integration-1.0.2-all.jar with {stack_upgrade_integration} mods - versions {1.0.2}
[018月2026 03:35:04.939] [main/DEBUG] [net.minecraftforge.fml.loading.moddiscovery.ModFile/LOADING]: Loading mod file C:\Users\81808\Downloads\astral_mekanism_more_machine\run\mods\stack_upgrade_integration-1.0.2-all.jar with languages [LanguageSpec[languageName=lowcodefml, acceptedVersions=[47,)]]
[018月2026 03:35:04.940] [main/DEBUG] [net.minecraftforge.fml.loading.moddiscovery.ModFileParser/LOADING]: Considering mod file candidate 
[018月2026 03:35:04.942] [main/DEBUG] [net.minecraftforge.fml.loading.moddiscovery.ModFileInfo/LOADING]: Found valid mod file flywheel-forge-1.20.1-1.0.6-beta-266.jar with {flywheel} mods - versions {1.0.6-beta-266}
[018月2026 03:35:04.942] [main/DEBUG] [net.minecraftforge.fml.loading.moddiscovery.ModFile/LOADING]: Loading mod file  with languages [LanguageSpec[languageName=javafml, acceptedVersions=[0,)]]
[018月2026 03:35:04.943] [main/DEBUG] [net.minecraftforge.fml.loading.moddiscovery.ModFileParser/LOADING]: Considering mod file candidate C:\Users\81808\Downloads\astral_mekanism_more_machine\run\mods\curios-forge-5.14.1+1.20.1.jar
[018月2026 03:35:04.944] [main/DEBUG] [net.minecraftforge.fml.loading.moddiscovery.ModFileInfo/LOADING]: Found valid mod file curios-forge-5.14.1+1.20.1.jar with {curios} mods - versions {5.14.1+1.20.1}
[018月2026 03:35:04.944] [main/DEBUG] [net.minecraftforge.fml.loading.moddiscovery.ModFile/LOADING]: Loading mod file C:\Users\81808\Downloads\astral_mekanism_more_machine\run\mods\curios-forge-5.14.1+1.20.1.jar with languages [LanguageSpec[languageName=javafml, acceptedVersions=[41,)]]
[018月2026 03:35:04.944] [main/DEBUG] [net.minecraftforge.fml.loading.moddiscovery.ModFileParser/LOADING]: Considering mod file candidate C:\Users\81808\Downloads\astral_mekanism_more_machine\run\mods\megacells-forge-2.4.6-1.20.1.jar
[018月2026 03:35:04.945] [main/DEBUG] [net.minecraftforge.fml.loading.moddiscovery.ModFileInfo/LOADING]: Found valid mod file megacells-forge-2.4.6-1.20.1.jar with {megacells} mods - versions {2.4.6-1.20.1}
[018月2026 03:35:04.946] [main/DEBUG] [net.minecraftforge.fml.loading.moddiscovery.ModFile/LOADING]: Loading mod file C:\Users\81808\Downloads\astral_mekanism_more_machine\run\mods\megacells-forge-2.4.6-1.20.1.jar with languages [LanguageSpec[languageName=javafml, acceptedVersions=[47,)]]
[018月2026 03:35:04.946] [main/DEBUG] [net.minecraftforge.fml.loading.moddiscovery.ModFileParser/LOADING]: Considering mod file candidate C:\Users\81808\Downloads\astral_mekanism_more_machine\run\mods\duplicationless-1.20.1-1.2.0.jar
[018月2026 03:35:04.947] [main/DEBUG] [net.minecraftforge.fml.loading.moddiscovery.ModFileInfo/LOADING]: Found valid mod file duplicationless-1.20.1-1.2.0.jar with {duplicationless} mods - versions {1.20.1-1.2.0}
[018月2026 03:35:04.947] [main/DEBUG] [net.minecraftforge.fml.loading.moddiscovery.ModFile/LOADING]: Loading mod file C:\Users\81808\Downloads\astral_mekanism_more_machine\run\mods\duplicationless-1.20.1-1.2.0.jar with languages [LanguageSpec[languageName=javafml, acceptedVersions=[36,)]]
[018月2026 03:35:04.948] [main/DEBUG] [net.minecraftforge.fml.loading.moddiscovery.ModFileParser/LOADING]: Considering mod file candidate C:\Users\81808\Downloads\astral_mekanism_more_machine\run\mods\doespotatotick-1.20.1-5.6.3.jar
[018月2026 03:35:04.951] [main/DEBUG] [net.minecraftforge.fml.loading.moddiscovery.ModFileInfo/LOADING]: Found valid mod file doespotatotick-1.20.1-5.6.3.jar with {doespotatotick} mods - versions {1.20.1-5.6.3}
[018月2026 03:35:04.951] [main/DEBUG] [net.minecraftforge.fml.loading.moddiscovery.ModFile/LOADING]: Loading mod file C:\Users\81808\Downloads\astral_mekanism_more_machine\run\mods\doespotatotick-1.20.1-5.6.3.jar with languages [LanguageSpec[languageName=javafml, acceptedVersions=[36,)]]
[018月2026 03:35:04.952] [main/DEBUG] [net.minecraftforge.fml.loading.moddiscovery.ModFileParser/LOADING]: Considering mod file candidate C:\Users\81808\Downloads\astral_mekanism_more_machine\run\mods\entityculling-forge-1.10.5-mc1.20.1.jar
[018月2026 03:35:04.953] [main/DEBUG] [net.minecraftforge.fml.loading.moddiscovery.ModFileInfo/LOADING]: Found valid mod file entityculling-forge-1.10.5-mc1.20.1.jar with {entityculling} mods - versions {1.10.5}
[018月2026 03:35:04.953] [main/DEBUG] [net.minecraftforge.fml.loading.moddiscovery.ModFile/LOADING]: Loading mod file C:\Users\81808\Downloads\astral_mekanism_more_machine\run\mods\entityculling-forge-1.10.5-mc1.20.1.jar with languages [LanguageSpec[languageName=javafml, acceptedVersions=[28,)]]
[018月2026 03:35:04.953] [main/DEBUG] [net.minecraftforge.fml.loading.moddiscovery.ModFileParser/LOADING]: Considering mod file candidate C:\Users\81808\Downloads\astral_mekanism_more_machine\run\mods\freecam-forge-1.2.1+1.20.jar
[018月2026 03:35:04.954] [main/DEBUG] [net.minecraftforge.fml.loading.moddiscovery.ModFileInfo/LOADING]: Found valid mod file freecam-forge-1.2.1+1.20.jar with {freecam} mods - versions {1.2.1+1.20}
[018月2026 03:35:04.955] [main/DEBUG] [net.minecraftforge.fml.loading.moddiscovery.ModFile/LOADING]: Loading mod file C:\Users\81808\Downloads\astral_mekanism_more_machine\run\mods\freecam-forge-1.2.1+1.20.jar with languages [LanguageSpec[languageName=javafml, acceptedVersions=[44,)]]
[018月2026 03:35:04.955] [main/DEBUG] [net.minecraftforge.fml.loading.moddiscovery.ModFileParser/LOADING]: Considering mod file candidate C:\Users\81808\Downloads\astral_mekanism_more_machine\run\mods\AE2AddonLib-1.0.4-1.20.1.jar
[018月2026 03:35:04.956] [main/DEBUG] [net.minecraftforge.fml.loading.moddiscovery.ModFileInfo/LOADING]: Found valid mod file AE2AddonLib-1.0.4-1.20.1.jar with {ae2addonlib} mods - versions {1.0.4-1.20.1}
[018月2026 03:35:04.956] [main/DEBUG] [net.minecraftforge.fml.loading.moddiscovery.ModFile/LOADING]: Loading mod file C:\Users\81808\Downloads\astral_mekanism_more_machine\run\mods\AE2AddonLib-1.0.4-1.20.1.jar with languages [LanguageSpec[languageName=javafml, acceptedVersions=[1,)]]
[018月2026 03:35:04.957] [main/DEBUG] [net.minecraftforge.fml.loading.moddiscovery.ModFileParser/LOADING]: Considering mod file candidate C:\Users\81808\Downloads\astral_mekanism_more_machine\run\mods\constructionwand-1.20.1-2.11.jar
[018月2026 03:35:04.958] [main/DEBUG] [net.minecraftforge.fml.loading.moddiscovery.ModFileInfo/LOADING]: Found valid mod file constructionwand-1.20.1-2.11.jar with {constructionwand} mods - versions {1.20.1-2.11}
[018月2026 03:35:04.960] [main/DEBUG] [net.minecraftforge.fml.loading.moddiscovery.ModFile/LOADING]: Loading mod file C:\Users\81808\Downloads\astral_mekanism_more_machine\run\mods\constructionwand-1.20.1-2.11.jar with languages [LanguageSpec[languageName=javafml, acceptedVersions=[46,)]]
[018月2026 03:35:04.960] [main/DEBUG] [net.minecraftforge.fml.loading.moddiscovery.ModFileParser/LOADING]: Considering mod file candidate C:\Users\81808\Downloads\astral_mekanism_more_machine\run\mods\MekanismTools-1.20.1-10.4.16.80.jar
[018月2026 03:35:04.961] [main/DEBUG] [net.minecraftforge.fml.loading.moddiscovery.ModFileInfo/LOADING]: Found valid mod file MekanismTools-1.20.1-10.4.16.80.jar with {mekanismtools} mods - versions {10.4.16}
[018月2026 03:35:04.961] [main/DEBUG] [net.minecraftforge.fml.loading.moddiscovery.ModFile/LOADING]: Loading mod file C:\Users\81808\Downloads\astral_mekanism_more_machine\run\mods\MekanismTools-1.20.1-10.4.16.80.jar with languages [LanguageSpec[languageName=javafml, acceptedVersions=[47,)]]
[018月2026 03:35:04.962] [main/DEBUG] [net.minecraftforge.fml.loading.moddiscovery.ModFileParser/LOADING]: Considering mod file candidate C:\Users\81808\Downloads\astral_mekanism_more_machine\run\mods\appleskin-forge-mc1.20.1-2.5.1.jar
[018月2026 03:35:04.962] [main/DEBUG] [net.minecraftforge.fml.loading.moddiscovery.ModFileInfo/LOADING]: Found valid mod file appleskin-forge-mc1.20.1-2.5.1.jar with {appleskin} mods - versions {2.5.1+mc1.20.1}
[018月2026 03:35:04.963] [main/DEBUG] [net.minecraftforge.fml.loading.moddiscovery.ModFile/LOADING]: Loading mod file C:\Users\81808\Downloads\astral_mekanism_more_machine\run\mods\appleskin-forge-mc1.20.1-2.5.1.jar with languages [LanguageSpec[languageName=javafml, acceptedVersions=[47,)]]
[018月2026 03:35:04.963] [main/DEBUG] [net.minecraftforge.fml.loading.moddiscovery.ModFileParser/LOADING]: Considering mod file candidate C:\Users\81808\Downloads\astral_mekanism_more_machine\run\mods\architectury-9.2.14-forge.jar
[018月2026 03:35:04.964] [main/DEBUG] [net.minecraftforge.fml.loading.moddiscovery.ModFileInfo/LOADING]: Found valid mod file architectury-9.2.14-forge.jar with {architectury} mods - versions {9.2.14}
[018月2026 03:35:04.964] [main/DEBUG] [net.minecraftforge.fml.loading.moddiscovery.ModFile/LOADING]: Loading mod file C:\Users\81808\Downloads\astral_mekanism_more_machine\run\mods\architectury-9.2.14-forge.jar with languages [LanguageSpec[languageName=javafml, acceptedVersions=[46,)]]
[018月2026 03:35:04.965] [main/DEBUG] [net.minecraftforge.fml.loading.moddiscovery.ModFileParser/LOADING]: Considering mod file candidate C:\Users\81808\Downloads\astral_mekanism_more_machine\run\mods\ferritecore-6.0.1-forge.jar
[018月2026 03:35:04.965] [main/DEBUG] [net.minecraftforge.fml.loading.moddiscovery.ModFileInfo/LOADING]: Found valid mod file ferritecore-6.0.1-forge.jar with {ferritecore} mods - versions {6.0.1}
[018月2026 03:35:04.966] [main/DEBUG] [net.minecraftforge.fml.loading.moddiscovery.ModFile/LOADING]: Loading mod file C:\Users\81808\Downloads\astral_mekanism_more_machine\run\mods\ferritecore-6.0.1-forge.jar with languages [LanguageSpec[languageName=javafml, acceptedVersions=[28,)]]
[018月2026 03:35:04.966] [main/DEBUG] [net.minecraftforge.fml.loading.moddiscovery.ModFileParser/LOADING]: Considering mod file candidate C:\Users\81808\Downloads\astral_mekanism_more_machine\run\mods\yet_another_config_lib_v3-3.6.6+1.20.1-forge.jar
[018月2026 03:35:04.967] [main/DEBUG] [net.minecraftforge.fml.loading.moddiscovery.ModFileInfo/LOADING]: Found valid mod file yet_another_config_lib_v3-3.6.6+1.20.1-forge.jar with {yet_another_config_lib_v3} mods - versions {3.6.6+1.20.1-forge}
[018月2026 03:35:04.967] [main/DEBUG] [net.minecraftforge.fml.loading.moddiscovery.ModFile/LOADING]: Loading mod file C:\Users\81808\Downloads\astral_mekanism_more_machine\run\mods\yet_another_config_lib_v3-3.6.6+1.20.1-forge.jar with languages [LanguageSpec[languageName=javafml, acceptedVersions=[46,)]]
[018月2026 03:35:04.968] [main/DEBUG] [net.minecraftforge.fml.loading.moddiscovery.ModFileParser/LOADING]: Considering mod file candidate 
[018月2026 03:35:04.969] [main/DEBUG] [net.minecraftforge.fml.loading.moddiscovery.ModFileInfo/LOADING]: Found valid mod file TRansition-1.0.21-1.20.1-forge-SNAPSHOT.jar with {transition} mods - versions {1.0.21}
[018月2026 03:35:04.969] [main/DEBUG] [net.minecraftforge.fml.loading.moddiscovery.ModFile/LOADING]: Loading mod file  with languages [LanguageSpec[languageName=javafml, acceptedVersions=[28,)]]
[018月2026 03:35:04.969] [main/DEBUG] [net.minecraftforge.fml.loading.moddiscovery.ModFileParser/LOADING]: Considering mod file candidate C:\Users\81808\Downloads\astral_mekanism_more_machine\run\mods\MekanismElements-1.20.1-2.3.jar
[018月2026 03:35:04.970] [main/DEBUG] [net.minecraftforge.fml.loading.moddiscovery.ModFileInfo/LOADING]: Found valid mod file MekanismElements-1.20.1-2.3.jar with {mekanismelements} mods - versions {2.3}
[018月2026 03:35:04.971] [main/DEBUG] [net.minecraftforge.fml.loading.moddiscovery.ModFile/LOADING]: Loading mod file C:\Users\81808\Downloads\astral_mekanism_more_machine\run\mods\MekanismElements-1.20.1-2.3.jar with languages [LanguageSpec[languageName=javafml, acceptedVersions=[47,)]]
[018月2026 03:35:04.971] [main/DEBUG] [net.minecraftforge.fml.loading.moddiscovery.ModFileParser/LOADING]: Considering mod file candidate C:\Users\81808\Downloads\astral_mekanism_more_machine\run\mods\Applied-Mekanistics-1.4.3.jar
[018月2026 03:35:04.972] [main/DEBUG] [net.minecraftforge.fml.loading.moddiscovery.ModFileInfo/LOADING]: Found valid mod file Applied-Mekanistics-1.4.3.jar with {appmek} mods - versions {1.4.3}
[018月2026 03:35:04.972] [main/DEBUG] [net.minecraftforge.fml.loading.moddiscovery.ModFile/LOADING]: Loading mod file C:\Users\81808\Downloads\astral_mekanism_more_machine\run\mods\Applied-Mekanistics-1.4.3.jar with languages [LanguageSpec[languageName=javafml, acceptedVersions=[43,)]]
[018月2026 03:35:04.972] [main/DEBUG] [net.minecraftforge.fml.loading.moddiscovery.ModFileParser/LOADING]: Considering mod file candidate C:\Users\81808\Downloads\astral_mekanism_more_machine\run\mods\ame_the_valine-1.0.1.jar
[018月2026 03:35:04.973] [main/DEBUG] [net.minecraftforge.fml.loading.moddiscovery.ModFileInfo/LOADING]: Found valid mod file ame_the_valine-1.0.1.jar with {ame_the_valine} mods - versions {1.0.1}
[018月2026 03:35:04.974] [main/DEBUG] [net.minecraftforge.fml.loading.moddiscovery.ModFile/LOADING]: Loading mod file C:\Users\81808\Downloads\astral_mekanism_more_machine\run\mods\ame_the_valine-1.0.1.jar with languages [LanguageSpec[languageName=javafml, acceptedVersions=[47,)]]
[018月2026 03:35:04.974] [main/DEBUG] [net.minecraftforge.fml.loading.moddiscovery.ModFileParser/LOADING]: Considering mod file candidate C:\Users\81808\Downloads\astral_mekanism_more_machine\run\mods\effortlessbuilding-1.20.1-3.11.jar
[018月2026 03:35:04.976] [main/DEBUG] [net.minecraftforge.fml.loading.moddiscovery.ModFileInfo/LOADING]: Found valid mod file effortlessbuilding-1.20.1-3.11.jar with {effortlessbuilding} mods - versions {3.11}
[018月2026 03:35:04.976] [main/DEBUG] [net.minecraftforge.fml.loading.moddiscovery.ModFile/LOADING]: Loading mod file C:\Users\81808\Downloads\astral_mekanism_more_machine\run\mods\effortlessbuilding-1.20.1-3.11.jar with languages [LanguageSpec[languageName=javafml, acceptedVersions=[47,)]]
[018月2026 03:35:04.976] [main/DEBUG] [net.minecraftforge.fml.loading.moddiscovery.ModFile/LOADING]: Loading mod file  with languages []
[018月2026 03:35:04.977] [main/DEBUG] [net.minecraftforge.fml.loading.moddiscovery.ModFile/LOADING]: Loading mod file  with languages []
[018月2026 03:35:04.977] [main/DEBUG] [net.minecraftforge.fml.loading.moddiscovery.ModFile/LOADING]: Loading mod file  with languages []
[018月2026 03:35:04.977] [main/DEBUG] [net.minecraftforge.fml.loading.moddiscovery.ModFile/LOADING]: Loading mod file  with languages []
[018月2026 03:35:04.977] [main/DEBUG] [net.minecraftforge.fml.loading.moddiscovery.ModFile/LOADING]: Loading mod file  with languages []
[018月2026 03:35:04.978] [main/DEBUG] [net.minecraftforge.fml.loading.moddiscovery.ModFile/LOADING]: Loading mod file  with languages []
[018月2026 03:35:04.978] [main/DEBUG] [net.minecraftforge.fml.loading.moddiscovery.ModFile/LOADING]: Loading mod file  with languages []
[018月2026 03:35:04.978] [main/DEBUG] [net.minecraftforge.fml.loading.moddiscovery.ModFile/LOADING]: Loading mod file  with languages []
[018月2026 03:35:04.978] [main/DEBUG] [net.minecraftforge.fml.loading.moddiscovery.ModFile/LOADING]: Loading mod file  with languages []
[018月2026 03:35:04.978] [main/DEBUG] [net.minecraftforge.fml.loading.moddiscovery.ModFile/LOADING]: Loading mod file  with languages []
[018月2026 03:35:04.978] [main/DEBUG] [net.minecraftforge.fml.loading.moddiscovery.ModFile/LOADING]: Loading mod file  with languages []
[018月2026 03:35:04.979] [main/DEBUG] [net.minecraftforge.fml.loading.moddiscovery.ModFile/LOADING]: Loading mod file  with languages []
[018月2026 03:35:04.979] [main/DEBUG] [net.minecraftforge.fml.loading.moddiscovery.ModFile/LOADING]: Loading mod file  with languages []
[018月2026 03:35:04.979] [main/DEBUG] [net.minecraftforge.fml.loading.moddiscovery.ModFile/LOADING]: Loading mod file  with languages []
[018月2026 03:35:04.979] [main/DEBUG] [net.minecraftforge.fml.loading.moddiscovery.ModFile/LOADING]: Loading mod file  with languages []
[018月2026 03:35:04.980] [main/DEBUG] [net.minecraftforge.fml.loading.moddiscovery.ModFile/LOADING]: Loading mod file  with languages []
[018月2026 03:35:04.980] [main/DEBUG] [net.minecraftforge.fml.loading.moddiscovery.ModFile/LOADING]: Loading mod file  with languages []
[018月2026 03:35:04.980] [main/DEBUG] [net.minecraftforge.fml.loading.moddiscovery.ModFile/LOADING]: Loading mod file  with languages []
[018月2026 03:35:04.980] [main/DEBUG] [net.minecraftforge.fml.loading.moddiscovery.ModFile/LOADING]: Loading mod file  with languages []
[018月2026 03:35:04.980] [main/DEBUG] [net.minecraftforge.fml.loading.moddiscovery.ModFile/LOADING]: Loading mod file  with languages []
[018月2026 03:35:04.980] [main/DEBUG] [net.minecraftforge.fml.loading.moddiscovery.ModFile/LOADING]: Loading mod file  with languages []
[018月2026 03:35:04.980] [main/DEBUG] [net.minecraftforge.fml.loading.moddiscovery.ModFile/LOADING]: Loading mod file  with languages []
[018月2026 03:35:04.981] [main/DEBUG] [net.minecraftforge.fml.loading.moddiscovery.ModFile/LOADING]: Loading mod file  with languages []
[018月2026 03:35:04.981] [main/DEBUG] [net.minecraftforge.fml.loading.moddiscovery.ModFile/LOADING]: Loading mod file  with languages []
[018月2026 03:35:04.981] [main/DEBUG] [net.minecraftforge.fml.loading.moddiscovery.ModFile/LOADING]: Loading mod file  with languages []
[018月2026 03:35:04.981] [main/DEBUG] [net.minecraftforge.fml.loading.moddiscovery.ModFile/LOADING]: Loading mod file  with languages []
[018月2026 03:35:04.981] [main/DEBUG] [net.minecraftforge.fml.loading.moddiscovery.ModFile/LOADING]: Loading mod file  with languages []
[018月2026 03:35:04.981] [main/DEBUG] [net.minecraftforge.fml.loading.moddiscovery.ModFile/LOADING]: Loading mod file  with languages []
[018月2026 03:35:04.983] [main/DEBUG] [cpw.mods.modlauncher.TransformationServiceDecorator/MODLAUNCHER]: End scan trigger - transformation service fml
[018月2026 03:35:05.003] [main/DEBUG] [net.minecraftforge.fml.loading.LanguageLoadingProvider/CORE]: Found 3 language providers
[018月2026 03:35:05.004] [main/DEBUG] [net.minecraftforge.fml.loading.LanguageLoadingProvider/CORE]: Found language provider minecraft, version 1.0
[018月2026 03:35:05.005] [main/DEBUG] [net.minecraftforge.fml.loading.LanguageLoadingProvider/CORE]: Found language provider lowcodefml, version 47
[018月2026 03:35:05.006] [main/DEBUG] [net.minecraftforge.fml.loading.LanguageLoadingProvider/CORE]: Found language provider javafml, version 47
[018月2026 03:35:05.013] [main/DEBUG] [net.minecraftforge.fml.loading.UniqueModListBuilder/]: Found 2 mods for first modid org.quiltmc.parsers.json, selecting most recent based on version data
[018月2026 03:35:05.013] [main/DEBUG] [net.minecraftforge.fml.loading.UniqueModListBuilder/]: Selected file json-0.2.1.jar for modid org.quiltmc.parsers.json with version 0.0NONE
[018月2026 03:35:05.015] [main/DEBUG] [net.minecraftforge.fml.loading.UniqueModListBuilder/]: Found 2 mods for first modid mclib, selecting most recent based on version data
[018月2026 03:35:05.015] [main/DEBUG] [net.minecraftforge.fml.loading.UniqueModListBuilder/]: Selected file mclib-20.jar for modid mclib with version 0.0NONE
[018月2026 03:35:05.016] [main/DEBUG] [net.minecraftforge.fml.loading.UniqueModListBuilder/]: Found 2 mods for first modid NanoLiveConfig, selecting most recent based on version data
[018月2026 03:35:05.016] [main/DEBUG] [net.minecraftforge.fml.loading.UniqueModListBuilder/]: Selected file NanoLiveConfig-1.2.1.jar for modid NanoLiveConfig with version 0.0NONE
[018月2026 03:35:05.017] [main/DEBUG] [net.minecraftforge.fml.loading.UniqueModListBuilder/]: Found 2 mods for first modid mixinextras, selecting most recent based on version data
[018月2026 03:35:05.018] [main/DEBUG] [net.minecraftforge.fml.loading.UniqueModListBuilder/]: Selected file mixinextras-forge-0.5.4.jar for modid mixinextras with version 0.5.4
[018月2026 03:35:05.018] [main/DEBUG] [net.minecraftforge.fml.loading.UniqueModListBuilder/]: Found 2 mods for first modid com.twelvemonkeys.imageio.webp, selecting most recent based on version data
[018月2026 03:35:05.018] [main/DEBUG] [net.minecraftforge.fml.loading.UniqueModListBuilder/]: Selected file imageio-webp-3.12.0.jar for modid com.twelvemonkeys.imageio.webp with version 3.12.0
[018月2026 03:35:05.018] [main/DEBUG] [net.minecraftforge.fml.loading.UniqueModListBuilder/]: Found 2 mods for first modid UnRealConfig.gson, selecting most recent based on version data
[018月2026 03:35:05.018] [main/DEBUG] [net.minecraftforge.fml.loading.UniqueModListBuilder/]: Selected file UnRealConfig-gson-12.3.4.jar for modid UnRealConfig.gson with version 0.0NONE
[018月2026 03:35:05.018] [main/DEBUG] [net.minecraftforge.fml.loading.UniqueModListBuilder/]: Found 2 mods for first modid com.twelvemonkeys.common.lang, selecting most recent based on version data
[018月2026 03:35:05.019] [main/DEBUG] [net.minecraftforge.fml.loading.UniqueModListBuilder/]: Selected file common-lang-3.12.0.jar for modid com.twelvemonkeys.common.lang with version 3.12.0
[018月2026 03:35:05.019] [main/DEBUG] [net.minecraftforge.fml.loading.UniqueModListBuilder/]: Found 2 mods for first modid com.twelvemonkeys.imageio.metadata, selecting most recent based on version data
[018月2026 03:35:05.019] [main/DEBUG] [net.minecraftforge.fml.loading.UniqueModListBuilder/]: Selected file imageio-metadata-3.12.0.jar for modid com.twelvemonkeys.imageio.metadata with version 3.12.0
[018月2026 03:35:05.019] [main/DEBUG] [net.minecraftforge.fml.loading.UniqueModListBuilder/]: Found 2 mods for first modid com.twelvemonkeys.common.image, selecting most recent based on version data
[018月2026 03:35:05.019] [main/DEBUG] [net.minecraftforge.fml.loading.UniqueModListBuilder/]: Selected file common-image-3.12.0.jar for modid com.twelvemonkeys.common.image with version 3.12.0
[018月2026 03:35:05.019] [main/DEBUG] [net.minecraftforge.fml.loading.UniqueModListBuilder/]: Found 2 mods for first modid com.twelvemonkeys.imageio.core, selecting most recent based on version data
[018月2026 03:35:05.019] [main/DEBUG] [net.minecraftforge.fml.loading.UniqueModListBuilder/]: Selected file imageio-core-3.12.0.jar for modid com.twelvemonkeys.imageio.core with version 3.12.0
[018月2026 03:35:05.019] [main/DEBUG] [net.minecraftforge.fml.loading.UniqueModListBuilder/]: Found 2 mods for first modid com.twelvemonkeys.common.io, selecting most recent based on version data
[018月2026 03:35:05.020] [main/DEBUG] [net.minecraftforge.fml.loading.UniqueModListBuilder/]: Selected file common-io-3.12.0.jar for modid com.twelvemonkeys.common.io with version 3.12.0
[018月2026 03:35:05.020] [main/DEBUG] [net.minecraftforge.fml.loading.UniqueModListBuilder/]: Found 2 mods for first modid org.quiltmc.parsers.gson, selecting most recent based on version data
[018月2026 03:35:05.020] [main/DEBUG] [net.minecraftforge.fml.loading.UniqueModListBuilder/]: Selected file gson-0.2.1.jar for modid org.quiltmc.parsers.gson with version 0.0NONE
[018月2026 03:35:05.020] [main/DEBUG] [net.minecraftforge.fml.loading.UniqueModListBuilder/]: Found 2 mods for first modid MixinExtras, selecting most recent based on version data
[018月2026 03:35:05.020] [main/DEBUG] [net.minecraftforge.fml.loading.UniqueModListBuilder/]: Selected file MixinExtras-0.5.4.jar for modid MixinExtras with version 0.5.4
[018月2026 03:35:05.020] [main/DEBUG] [net.minecraftforge.fml.loading.UniqueModListBuilder/]: Found 2 mods for first modid UnRealConfig.core, selecting most recent based on version data
[018月2026 03:35:05.020] [main/DEBUG] [net.minecraftforge.fml.loading.UniqueModListBuilder/]: Selected file UnRealConfig-core-12.3.4.jar for modid UnRealConfig.core with version 0.0NONE
[018月2026 03:35:05.023] [main/DEBUG] [net.minecraftforge.fml.loading.ModSorter/]: Configured system mods: [minecraft, forge]
[018月2026 03:35:05.023] [main/DEBUG] [net.minecraftforge.fml.loading.ModSorter/]: Found system mod: minecraft
[018月2026 03:35:05.023] [main/DEBUG] [net.minecraftforge.fml.loading.ModSorter/]: Found system mod: forge
[018月2026 03:35:05.032] [main/DEBUG] [net.minecraftforge.fml.loading.ModSorter/LOADING]: Found 158 mod requirements (133 mandatory, 25 optional)
[018月2026 03:35:05.035] [main/DEBUG] [net.minecraftforge.fml.loading.ModSorter/LOADING]: Found 0 mod requirements missing (0 mandatory, 0 optional)
[018月2026 03:35:05.901] [main/DEBUG] [net.minecraftforge.fml.loading.MCPNamingService/CORE]: Loaded 31003 field mappings from fields.csv
[018月2026 03:35:05.956] [main/DEBUG] [net.minecraftforge.fml.loading.MCPNamingService/CORE]: Loaded 33222 method mappings from methods.csv
[018月2026 03:35:06.176] [main/DEBUG] [cpw.mods.modlauncher.TransformationServicesHandler/MODLAUNCHER]: Transformation services loading transformers
[018月2026 03:35:06.177] [main/DEBUG] [cpw.mods.modlauncher.TransformationServiceDecorator/MODLAUNCHER]: Initializing transformers for transformation service mixin
[018月2026 03:35:06.178] [main/DEBUG] [cpw.mods.modlauncher.TransformationServiceDecorator/MODLAUNCHER]: Initialized transformers for transformation service mixin
[018月2026 03:35:06.178] [main/DEBUG] [cpw.mods.modlauncher.TransformationServiceDecorator/MODLAUNCHER]: Initializing transformers for transformation service fml
[018月2026 03:35:06.178] [main/DEBUG] [net.minecraftforge.fml.loading.FMLServiceProvider/CORE]: Loading coremod transformers
[018月2026 03:35:06.178] [main/DEBUG] [net.minecraftforge.coremod.CoreModEngine/COREMOD]: Loading CoreMod from coremods/field_to_method.js
[018月2026 03:35:06.501] [main/DEBUG] [net.minecraftforge.coremod.CoreModEngine/COREMOD]: CoreMod loaded successfully
[018月2026 03:35:06.501] [main/DEBUG] [net.minecraftforge.coremod.CoreModEngine/COREMOD]: Loading CoreMod from coremods/field_to_instanceof.js
[018月2026 03:35:06.628] [main/DEBUG] [net.minecraftforge.coremod.CoreModEngine/COREMOD]: CoreMod loaded successfully
[018月2026 03:35:06.628] [main/DEBUG] [net.minecraftforge.coremod.CoreModEngine/COREMOD]: Loading CoreMod from coremods/add_bouncer_method.js
[018月2026 03:35:06.696] [main/DEBUG] [net.minecraftforge.coremod.CoreModEngine/COREMOD]: CoreMod loaded successfully
[018月2026 03:35:06.697] [main/DEBUG] [net.minecraftforge.coremod.CoreModEngine/COREMOD]: Loading CoreMod from coremods/method_redirector.js
[018月2026 03:35:06.806] [main/DEBUG] [net.minecraftforge.coremod.CoreModEngine/COREMOD]: CoreMod loaded successfully
[018月2026 03:35:06.835] [main/DEBUG] [cpw.mods.modlauncher.TransformStore/MODLAUNCHER]: Adding transformer net.minecraftforge.coremod.transformer.CoreModClassTransformer@4c19d42e to Target : CLASS {Lnet/minecraft/world/level/biome/Biome;} {} {V}
[018月2026 03:35:06.838] [main/DEBUG] [cpw.mods.modlauncher.TransformStore/MODLAUNCHER]: Adding transformer net.minecraftforge.coremod.transformer.CoreModClassTransformer@16a5c7e4 to Target : CLASS {Lnet/minecraft/world/level/levelgen/structure/Structure;} {} {V}
[018月2026 03:35:06.838] [main/DEBUG] [cpw.mods.modlauncher.TransformStore/MODLAUNCHER]: Adding transformer net.minecraftforge.coremod.transformer.CoreModClassTransformer@1e225820 to Target : CLASS {Lnet/minecraft/world/effect/MobEffectInstance;} {} {V}
[018月2026 03:35:06.838] [main/DEBUG] [cpw.mods.modlauncher.TransformStore/MODLAUNCHER]: Adding transformer net.minecraftforge.coremod.transformer.CoreModClassTransformer@8aeab9e to Target : CLASS {Lnet/minecraft/world/level/block/LiquidBlock;} {} {V}
[018月2026 03:35:06.838] [main/DEBUG] [cpw.mods.modlauncher.TransformStore/MODLAUNCHER]: Adding transformer net.minecraftforge.coremod.transformer.CoreModClassTransformer@2a2dc0a to Target : CLASS {Lnet/minecraft/world/item/BucketItem;} {} {V}
[018月2026 03:35:06.839] [main/DEBUG] [cpw.mods.modlauncher.TransformStore/MODLAUNCHER]: Adding transformer net.minecraftforge.coremod.transformer.CoreModClassTransformer@3a00b15d to Target : CLASS {Lnet/minecraft/world/level/block/StairBlock;} {} {V}
[018月2026 03:35:06.839] [main/DEBUG] [cpw.mods.modlauncher.TransformStore/MODLAUNCHER]: Adding transformer net.minecraftforge.coremod.transformer.CoreModClassTransformer@36ef1d65 to Target : CLASS {Lnet/minecraft/world/level/block/FlowerPotBlock;} {} {V}
[018月2026 03:35:06.839] [main/DEBUG] [cpw.mods.modlauncher.TransformStore/MODLAUNCHER]: Adding transformer net.minecraftforge.coremod.transformer.CoreModClassTransformer@4be0a27d to Target : CLASS {Lnet/minecraft/world/item/ItemStack;} {} {V}
[018月2026 03:35:06.839] [main/DEBUG] [cpw.mods.modlauncher.TransformStore/MODLAUNCHER]: Adding transformer net.minecraftforge.coremod.transformer.CoreModClassTransformer@5f366587 to Target : CLASS {Lnet/minecraft/network/play/client/CClientSettingsPacket;} {} {V}
[018月2026 03:35:06.839] [main/DEBUG] [cpw.mods.modlauncher.TransformStore/MODLAUNCHER]: Adding transformer net.minecraftforge.coremod.transformer.CoreModClassTransformer@6003ad65 to Target : CLASS {Lnet/minecraft/world/entity/npc/Villager;} {} {V}
[018月2026 03:35:06.839] [main/DEBUG] [cpw.mods.modlauncher.TransformStore/MODLAUNCHER]: Adding transformer net.minecraftforge.coremod.transformer.CoreModClassTransformer@6003ad65 to Target : CLASS {Lnet/minecraft/server/commands/RaidCommand;} {} {V}
[018月2026 03:35:06.840] [main/DEBUG] [cpw.mods.modlauncher.TransformStore/MODLAUNCHER]: Adding transformer net.minecraftforge.coremod.transformer.CoreModClassTransformer@6003ad65 to Target : CLASS {Lnet/minecraft/world/level/levelgen/structure/structures/SwampHutPiece;} {} {V}
[018月2026 03:35:06.840] [main/DEBUG] [cpw.mods.modlauncher.TransformStore/MODLAUNCHER]: Adding transformer net.minecraftforge.coremod.transformer.CoreModClassTransformer@6003ad65 to Target : CLASS {Lnet/minecraft/world/entity/ai/village/VillageSiege;} {} {V}
[018月2026 03:35:06.840] [main/DEBUG] [cpw.mods.modlauncher.TransformStore/MODLAUNCHER]: Adding transformer net.minecraftforge.coremod.transformer.CoreModClassTransformer@6003ad65 to Target : CLASS {Lnet/minecraft/world/entity/monster/Zombie;} {} {V}
[018月2026 03:35:06.840] [main/DEBUG] [cpw.mods.modlauncher.TransformStore/MODLAUNCHER]: Adding transformer net.minecraftforge.coremod.transformer.CoreModClassTransformer@6003ad65 to Target : CLASS {Lnet/minecraft/world/level/levelgen/structure/structures/OceanMonumentPieces$OceanMonumentPiece;} {} {V}
[018月2026 03:35:06.840] [main/DEBUG] [cpw.mods.modlauncher.TransformStore/MODLAUNCHER]: Adding transformer net.minecraftforge.coremod.transformer.CoreModClassTransformer@6003ad65 to Target : CLASS {Lnet/minecraft/world/entity/animal/horse/SkeletonTrapGoal;} {} {V}
[018月2026 03:35:06.840] [main/DEBUG] [cpw.mods.modlauncher.TransformStore/MODLAUNCHER]: Adding transformer net.minecraftforge.coremod.transformer.CoreModClassTransformer@6003ad65 to Target : CLASS {Lnet/minecraft/world/entity/monster/ZombieVillager;} {} {V}
[018月2026 03:35:06.840] [main/DEBUG] [cpw.mods.modlauncher.TransformStore/MODLAUNCHER]: Adding transformer net.minecraftforge.coremod.transformer.CoreModClassTransformer@6003ad65 to Target : CLASS {Lnet/minecraft/world/entity/raid/Raid;} {} {V}
[018月2026 03:35:06.840] [main/DEBUG] [cpw.mods.modlauncher.TransformStore/MODLAUNCHER]: Adding transformer net.minecraftforge.coremod.transformer.CoreModClassTransformer@6003ad65 to Target : CLASS {Lnet/minecraft/world/entity/monster/Strider;} {} {V}
[018月2026 03:35:06.840] [main/DEBUG] [cpw.mods.modlauncher.TransformStore/MODLAUNCHER]: Adding transformer net.minecraftforge.coremod.transformer.CoreModClassTransformer@6003ad65 to Target : CLASS {Lnet/minecraft/world/entity/monster/Evoker$EvokerSummonSpellGoal;} {} {V}
[018月2026 03:35:06.843] [main/DEBUG] [cpw.mods.modlauncher.TransformStore/MODLAUNCHER]: Adding transformer net.minecraftforge.coremod.transformer.CoreModClassTransformer@6003ad65 to Target : CLASS {Lnet/minecraft/server/commands/SummonCommand;} {} {V}
[018月2026 03:35:06.843] [main/DEBUG] [cpw.mods.modlauncher.TransformStore/MODLAUNCHER]: Adding transformer net.minecraftforge.coremod.transformer.CoreModClassTransformer@6003ad65 to Target : CLASS {Lnet/minecraft/world/level/levelgen/PatrolSpawner;} {} {V}
[018月2026 03:35:06.843] [main/DEBUG] [cpw.mods.modlauncher.TransformStore/MODLAUNCHER]: Adding transformer net.minecraftforge.coremod.transformer.CoreModClassTransformer@6003ad65 to Target : CLASS {Lnet/minecraft/world/level/levelgen/structure/structures/WoodlandMansionPieces$WoodlandMansionPiece;} {} {V}
[018月2026 03:35:06.843] [main/DEBUG] [cpw.mods.modlauncher.TransformStore/MODLAUNCHER]: Adding transformer net.minecraftforge.coremod.transformer.CoreModClassTransformer@6003ad65 to Target : CLASS {Lnet/minecraft/world/entity/monster/Spider;} {} {V}
[018月2026 03:35:06.843] [main/DEBUG] [cpw.mods.modlauncher.TransformStore/MODLAUNCHER]: Adding transformer net.minecraftforge.coremod.transformer.CoreModClassTransformer@6003ad65 to Target : CLASS {Lnet/minecraft/world/level/levelgen/structure/templatesystem/StructureTemplate;} {} {V}
[018月2026 03:35:06.843] [main/DEBUG] [cpw.mods.modlauncher.TransformStore/MODLAUNCHER]: Adding transformer net.minecraftforge.coremod.transformer.CoreModClassTransformer@6003ad65 to Target : CLASS {Lnet/minecraft/world/level/levelgen/PhantomSpawner;} {} {V}
[018月2026 03:35:06.843] [main/DEBUG] [cpw.mods.modlauncher.TransformStore/MODLAUNCHER]: Adding transformer net.minecraftforge.coremod.transformer.CoreModClassTransformer@6003ad65 to Target : CLASS {Lnet/minecraft/world/entity/EntityType;} {} {V}
[018月2026 03:35:06.844] [main/DEBUG] [cpw.mods.modlauncher.TransformStore/MODLAUNCHER]: Adding transformer net.minecraftforge.coremod.transformer.CoreModClassTransformer@6003ad65 to Target : CLASS {Lnet/minecraft/world/entity/animal/frog/Tadpole;} {} {V}
[018月2026 03:35:06.844] [main/DEBUG] [cpw.mods.modlauncher.TransformStore/MODLAUNCHER]: Adding transformer net.minecraftforge.coremod.transformer.CoreModClassTransformer@6003ad65 to Target : CLASS {Lnet/minecraft/world/entity/npc/CatSpawner;} {} {V}
[018月2026 03:35:06.844] [main/DEBUG] [cpw.mods.modlauncher.TransformStore/MODLAUNCHER]: Adding transformer net.minecraftforge.coremod.transformer.CoreModClassTransformer@6003ad65 to Target : CLASS {Lnet/minecraft/world/level/NaturalSpawner;} {} {V}
[018月2026 03:35:06.844] [main/DEBUG] [cpw.mods.modlauncher.TransformStore/MODLAUNCHER]: Adding transformer net.minecraftforge.coremod.transformer.CoreModClassTransformer@6003ad65 to Target : CLASS {Lnet/minecraft/world/level/levelgen/structure/structures/OceanRuinPieces$OceanRuinPiece;} {} {V}
[018月2026 03:35:06.844] [main/DEBUG] [cpw.mods.modlauncher.TransformationServiceDecorator/MODLAUNCHER]: Initialized transformers for transformation service fml
[018月2026 03:35:10.139] [main/DEBUG] [mixin/]: Processing prepare() for PlatformAgent[MixinPlatformAgentDefault:ModLauncher Root Container(ModLauncher:4f56a0a2)]
[018月2026 03:35:10.140] [main/DEBUG] [mixin/]: Processing launch tasks for PlatformAgent[MixinPlatformAgentDefault:ModLauncher Root Container(ModLauncher:4f56a0a2)]
[018月2026 03:35:10.141] [main/DEBUG] [mixin/]: Adding mixin platform agents for container SecureJarResource(radium)
[018月2026 03:35:10.141] [main/DEBUG] [mixin/]: Instancing new MixinPlatformAgentMinecraftForge for SecureJarResource(radium)
[018月2026 03:35:10.141] [main/DEBUG] [mixin/]: MixinPlatformAgentMinecraftForge rejected container SecureJarResource(radium)
[018月2026 03:35:10.142] [main/DEBUG] [mixin/]: Instancing new MixinPlatformAgentDefault for SecureJarResource(radium)
[018月2026 03:35:10.142] [main/DEBUG] [mixin/]: MixinPlatformAgentDefault accepted container SecureJarResource(radium)
[018月2026 03:35:10.142] [main/DEBUG] [mixin/]: Processing prepare() for PlatformAgent[MixinPlatformAgentDefault:SecureJarResource(radium)]
[018月2026 03:35:10.142] [main/DEBUG] [mixin/]: Registering mixin config: lithium.mixins.json
[018月2026 03:35:10.183] [main/DEBUG] [mixin/]: Adding mixin platform agents for container SecureJarResource(kuma_api)
[018月2026 03:35:10.183] [main/DEBUG] [mixin/]: Instancing new MixinPlatformAgentMinecraftForge for SecureJarResource(kuma_api)
[018月2026 03:35:10.183] [main/DEBUG] [mixin/]: MixinPlatformAgentMinecraftForge rejected container SecureJarResource(kuma_api)
[018月2026 03:35:10.183] [main/DEBUG] [mixin/]: Instancing new MixinPlatformAgentDefault for SecureJarResource(kuma_api)
[018月2026 03:35:10.184] [main/DEBUG] [mixin/]: MixinPlatformAgentDefault accepted container SecureJarResource(kuma_api)
[018月2026 03:35:10.184] [main/DEBUG] [mixin/]: Processing prepare() for PlatformAgent[MixinPlatformAgentDefault:SecureJarResource(kuma_api)]
[018月2026 03:35:10.184] [main/DEBUG] [mixin/]: Registering mixin config: kuma_api.mixins.json
[018月2026 03:35:10.187] [main/DEBUG] [mixin/]: Compatibility level JAVA_17 specified by kuma_api.mixins.json is higher than the maximum level supported by this version of mixin (JAVA_13).
[018月2026 03:35:10.193] [main/INFO] [mixin/]: Compatibility level set to JAVA_17
[018月2026 03:35:10.193] [main/DEBUG] [mixin/]: Registering mixin config: kuma_api.forge.mixins.json
[018月2026 03:35:10.198] [main/DEBUG] [mixin/]: Adding mixin platform agents for container SecureJarResource(flatbedrock)
[018月2026 03:35:10.199] [main/DEBUG] [mixin/]: Instancing new MixinPlatformAgentMinecraftForge for SecureJarResource(flatbedrock)
[018月2026 03:35:10.199] [main/DEBUG] [mixin/]: MixinPlatformAgentMinecraftForge rejected container SecureJarResource(flatbedrock)
[018月2026 03:35:10.199] [main/DEBUG] [mixin/]: Instancing new MixinPlatformAgentDefault for SecureJarResource(flatbedrock)
[018月2026 03:35:10.199] [main/DEBUG] [mixin/]: MixinPlatformAgentDefault accepted container SecureJarResource(flatbedrock)
[018月2026 03:35:10.199] [main/DEBUG] [mixin/]: Processing prepare() for PlatformAgent[MixinPlatformAgentDefault:SecureJarResource(flatbedrock)]
[018月2026 03:35:10.199] [main/DEBUG] [mixin/]: Registering mixin config: flatbedrock-common.mixins.json
[018月2026 03:35:10.203] [main/DEBUG] [mixin/]: Adding mixin platform agents for container SecureJarResource(geckolib)
[018月2026 03:35:10.203] [main/DEBUG] [mixin/]: Instancing new MixinPlatformAgentMinecraftForge for SecureJarResource(geckolib)
[018月2026 03:35:10.203] [main/DEBUG] [mixin/]: MixinPlatformAgentMinecraftForge rejected container SecureJarResource(geckolib)
[018月2026 03:35:10.203] [main/DEBUG] [mixin/]: Instancing new MixinPlatformAgentDefault for SecureJarResource(geckolib)
[018月2026 03:35:10.203] [main/DEBUG] [mixin/]: MixinPlatformAgentDefault accepted container SecureJarResource(geckolib)
[018月2026 03:35:10.204] [main/DEBUG] [mixin/]: Processing prepare() for PlatformAgent[MixinPlatformAgentDefault:SecureJarResource(geckolib)]
[018月2026 03:35:10.204] [main/DEBUG] [mixin/]: Registering mixin config: geckolib.mixins.json
[018月2026 03:35:10.208] [main/DEBUG] [mixin/]: Adding mixin platform agents for container SecureJarResource(jei)
[018月2026 03:35:10.208] [main/DEBUG] [mixin/]: Instancing new MixinPlatformAgentMinecraftForge for SecureJarResource(jei)
[018月2026 03:35:10.208] [main/DEBUG] [mixin/]: MixinPlatformAgentMinecraftForge rejected container SecureJarResource(jei)
[018月2026 03:35:10.209] [main/DEBUG] [mixin/]: Instancing new MixinPlatformAgentDefault for SecureJarResource(jei)
[018月2026 03:35:10.209] [main/DEBUG] [mixin/]: MixinPlatformAgentDefault accepted container SecureJarResource(jei)
[018月2026 03:35:10.209] [main/DEBUG] [mixin/]: Processing prepare() for PlatformAgent[MixinPlatformAgentDefault:SecureJarResource(jei)]
[018月2026 03:35:10.209] [main/DEBUG] [mixin/]: Adding mixin platform agents for container SecureJarResource(igleelib)
[018月2026 03:35:10.209] [main/DEBUG] [mixin/]: Instancing new MixinPlatformAgentMinecraftForge for SecureJarResource(igleelib)
[018月2026 03:35:10.209] [main/DEBUG] [mixin/]: MixinPlatformAgentMinecraftForge rejected container SecureJarResource(igleelib)
[018月2026 03:35:10.210] [main/DEBUG] [mixin/]: Instancing new MixinPlatformAgentDefault for SecureJarResource(igleelib)
[018月2026 03:35:10.210] [main/DEBUG] [mixin/]: MixinPlatformAgentDefault accepted container SecureJarResource(igleelib)
[018月2026 03:35:10.210] [main/DEBUG] [mixin/]: Processing prepare() for PlatformAgent[MixinPlatformAgentDefault:SecureJarResource(igleelib)]
[018月2026 03:35:10.211] [main/DEBUG] [mixin/]: Adding mixin platform agents for container SecureJarResource(javd)
[018月2026 03:35:10.211] [main/DEBUG] [mixin/]: Instancing new MixinPlatformAgentMinecraftForge for SecureJarResource(javd)
[018月2026 03:35:10.211] [main/DEBUG] [mixin/]: MixinPlatformAgentMinecraftForge rejected container SecureJarResource(javd)
[018月2026 03:35:10.211] [main/DEBUG] [mixin/]: Instancing new MixinPlatformAgentDefault for SecureJarResource(javd)
[018月2026 03:35:10.211] [main/DEBUG] [mixin/]: MixinPlatformAgentDefault accepted container SecureJarResource(javd)
[018月2026 03:35:10.211] [main/DEBUG] [mixin/]: Processing prepare() for PlatformAgent[MixinPlatformAgentDefault:SecureJarResource(javd)]
[018月2026 03:35:10.212] [main/DEBUG] [mixin/]: Adding mixin platform agents for container SecureJarResource(trender)
[018月2026 03:35:10.212] [main/DEBUG] [mixin/]: Instancing new MixinPlatformAgentMinecraftForge for SecureJarResource(trender)
[018月2026 03:35:10.212] [main/DEBUG] [mixin/]: MixinPlatformAgentMinecraftForge rejected container SecureJarResource(trender)
[018月2026 03:35:10.212] [main/DEBUG] [mixin/]: Instancing new MixinPlatformAgentDefault for SecureJarResource(trender)
[018月2026 03:35:10.212] [main/DEBUG] [mixin/]: MixinPlatformAgentDefault accepted container SecureJarResource(trender)
[018月2026 03:35:10.213] [main/DEBUG] [mixin/]: Processing prepare() for PlatformAgent[MixinPlatformAgentDefault:SecureJarResource(trender)]
[018月2026 03:35:10.213] [main/DEBUG] [mixin/]: Registering mixin config: trender.mixins.json
[018月2026 03:35:10.221] [main/DEBUG] [mixin/]: Adding mixin platform agents for container SecureJarResource(mekanism_the_valine)
[018月2026 03:35:10.221] [main/DEBUG] [mixin/]: Instancing new MixinPlatformAgentMinecraftForge for SecureJarResource(mekanism_the_valine)
[018月2026 03:35:10.221] [main/DEBUG] [mixin/]: MixinPlatformAgentMinecraftForge rejected container SecureJarResource(mekanism_the_valine)
[018月2026 03:35:10.222] [main/DEBUG] [mixin/]: Instancing new MixinPlatformAgentDefault for SecureJarResource(mekanism_the_valine)
[018月2026 03:35:10.222] [main/DEBUG] [mixin/]: MixinPlatformAgentDefault accepted container SecureJarResource(mekanism_the_valine)
[018月2026 03:35:10.222] [main/DEBUG] [mixin/]: Processing prepare() for PlatformAgent[MixinPlatformAgentDefault:SecureJarResource(mekanism_the_valine)]
[018月2026 03:35:10.222] [main/DEBUG] [mixin/]: Adding mixin platform agents for container SecureJarResource(neat)
[018月2026 03:35:10.222] [main/DEBUG] [mixin/]: Instancing new MixinPlatformAgentMinecraftForge for SecureJarResource(neat)
[018月2026 03:35:10.222] [main/DEBUG] [mixin/]: MixinPlatformAgentMinecraftForge rejected container SecureJarResource(neat)
[018月2026 03:35:10.222] [main/DEBUG] [mixin/]: Instancing new MixinPlatformAgentDefault for SecureJarResource(neat)
[018月2026 03:35:10.222] [main/DEBUG] [mixin/]: MixinPlatformAgentDefault accepted container SecureJarResource(neat)
[018月2026 03:35:10.223] [main/DEBUG] [mixin/]: Processing prepare() for PlatformAgent[MixinPlatformAgentDefault:SecureJarResource(neat)]
[018月2026 03:35:10.223] [main/DEBUG] [mixin/]: Registering mixin config: neat.mixins.json
[018月2026 03:35:10.228] [main/DEBUG] [mixin/]: Adding mixin platform agents for container SecureJarResource(clumps)
[018月2026 03:35:10.228] [main/DEBUG] [mixin/]: Instancing new MixinPlatformAgentMinecraftForge for SecureJarResource(clumps)
[018月2026 03:35:10.228] [main/DEBUG] [mixin/]: MixinPlatformAgentMinecraftForge rejected container SecureJarResource(clumps)
[018月2026 03:35:10.229] [main/DEBUG] [mixin/]: Instancing new MixinPlatformAgentDefault for SecureJarResource(clumps)
[018月2026 03:35:10.229] [main/DEBUG] [mixin/]: MixinPlatformAgentDefault accepted container SecureJarResource(clumps)
[018月2026 03:35:10.229] [main/DEBUG] [mixin/]: Processing prepare() for PlatformAgent[MixinPlatformAgentDefault:SecureJarResource(clumps)]
[018月2026 03:35:10.229] [main/DEBUG] [mixin/]: Registering mixin config: clumps.mixins.json
[018月2026 03:35:10.232] [main/DEBUG] [mixin/]: Adding mixin platform agents for container SecureJarResource(astral_mekanism_more_machine)
[018月2026 03:35:10.234] [main/DEBUG] [mixin/]: Instancing new MixinPlatformAgentMinecraftForge for SecureJarResource(astral_mekanism_more_machine)
[018月2026 03:35:10.235] [main/DEBUG] [mixin/]: MixinPlatformAgentMinecraftForge rejected container SecureJarResource(astral_mekanism_more_machine)
[018月2026 03:35:10.235] [main/DEBUG] [mixin/]: Instancing new MixinPlatformAgentDefault for SecureJarResource(astral_mekanism_more_machine)
[018月2026 03:35:10.235] [main/DEBUG] [mixin/]: MixinPlatformAgentDefault accepted container SecureJarResource(astral_mekanism_more_machine)
[018月2026 03:35:10.235] [main/DEBUG] [mixin/]: Processing prepare() for PlatformAgent[MixinPlatformAgentDefault:SecureJarResource(astral_mekanism_more_machine)]
[018月2026 03:35:10.235] [main/DEBUG] [mixin/]: Adding mixin platform agents for container SecureJarResource(immersive_optimization)
[018月2026 03:35:10.235] [main/DEBUG] [mixin/]: Instancing new MixinPlatformAgentMinecraftForge for SecureJarResource(immersive_optimization)
[018月2026 03:35:10.235] [main/DEBUG] [mixin/]: MixinPlatformAgentMinecraftForge rejected container SecureJarResource(immersive_optimization)
[018月2026 03:35:10.235] [main/DEBUG] [mixin/]: Instancing new MixinPlatformAgentDefault for SecureJarResource(immersive_optimization)
[018月2026 03:35:10.235] [main/DEBUG] [mixin/]: MixinPlatformAgentDefault accepted container SecureJarResource(immersive_optimization)
[018月2026 03:35:10.235] [main/DEBUG] [mixin/]: Processing prepare() for PlatformAgent[MixinPlatformAgentDefault:SecureJarResource(immersive_optimization)]
[018月2026 03:35:10.236] [main/DEBUG] [mixin/]: Registering mixin config: immersive_optimization.mixins.json
[018月2026 03:35:10.239] [main/DEBUG] [mixin/]: Adding mixin platform agents for container SecureJarResource(botanypots)
[018月2026 03:35:10.239] [main/DEBUG] [mixin/]: Instancing new MixinPlatformAgentMinecraftForge for SecureJarResource(botanypots)
[018月2026 03:35:10.240] [main/DEBUG] [mixin/]: MixinPlatformAgentMinecraftForge rejected container SecureJarResource(botanypots)
[018月2026 03:35:10.240] [main/DEBUG] [mixin/]: Instancing new MixinPlatformAgentDefault for SecureJarResource(botanypots)
[018月2026 03:35:10.240] [main/DEBUG] [mixin/]: MixinPlatformAgentDefault accepted container SecureJarResource(botanypots)
[018月2026 03:35:10.240] [main/DEBUG] [mixin/]: Processing prepare() for PlatformAgent[MixinPlatformAgentDefault:SecureJarResource(botanypots)]
[018月2026 03:35:10.241] [main/DEBUG] [mixin/]: Adding mixin platform agents for container SecureJarResource(bookshelf)
[018月2026 03:35:10.242] [main/DEBUG] [mixin/]: Instancing new MixinPlatformAgentMinecraftForge for SecureJarResource(bookshelf)
[018月2026 03:35:10.242] [main/DEBUG] [mixin/]: MixinPlatformAgentMinecraftForge rejected container SecureJarResource(bookshelf)
[018月2026 03:35:10.242] [main/DEBUG] [mixin/]: Instancing new MixinPlatformAgentDefault for SecureJarResource(bookshelf)
[018月2026 03:35:10.257] [main/DEBUG] [mixin/]: MixinPlatformAgentDefault accepted container SecureJarResource(bookshelf)
[018月2026 03:35:10.257] [main/DEBUG] [mixin/]: Processing prepare() for PlatformAgent[MixinPlatformAgentDefault:SecureJarResource(bookshelf)]
[018月2026 03:35:10.258] [main/DEBUG] [mixin/]: Registering mixin config: bookshelf.common.mixins.json
[018月2026 03:35:10.262] [main/DEBUG] [mixin/]: Registering mixin config: bookshelf.forge.mixins.json
[018月2026 03:35:10.265] [main/DEBUG] [mixin/]: Adding mixin platform agents for container SecureJarResource(guideme)
[018月2026 03:35:10.266] [main/DEBUG] [mixin/]: Instancing new MixinPlatformAgentMinecraftForge for SecureJarResource(guideme)
[018月2026 03:35:10.266] [main/DEBUG] [mixin/]: MixinPlatformAgentMinecraftForge rejected container SecureJarResource(guideme)
[018月2026 03:35:10.266] [main/DEBUG] [mixin/]: Instancing new MixinPlatformAgentDefault for SecureJarResource(guideme)
[018月2026 03:35:10.266] [main/DEBUG] [mixin/]: MixinPlatformAgentDefault accepted container SecureJarResource(guideme)
[018月2026 03:35:10.266] [main/DEBUG] [mixin/]: Processing prepare() for PlatformAgent[MixinPlatformAgentDefault:SecureJarResource(guideme)]
[018月2026 03:35:10.266] [main/DEBUG] [mixin/]: Adding mixin platform agents for container SecureJarResource(clientsort)
[018月2026 03:35:10.266] [main/DEBUG] [mixin/]: Instancing new MixinPlatformAgentMinecraftForge for SecureJarResource(clientsort)
[018月2026 03:35:10.266] [main/DEBUG] [mixin/]: MixinPlatformAgentMinecraftForge rejected container SecureJarResource(clientsort)
[018月2026 03:35:10.266] [main/DEBUG] [mixin/]: Instancing new MixinPlatformAgentDefault for SecureJarResource(clientsort)
[018月2026 03:35:10.266] [main/DEBUG] [mixin/]: MixinPlatformAgentDefault accepted container SecureJarResource(clientsort)
[018月2026 03:35:10.266] [main/DEBUG] [mixin/]: Processing prepare() for PlatformAgent[MixinPlatformAgentDefault:SecureJarResource(clientsort)]
[018月2026 03:35:10.267] [main/DEBUG] [mixin/]: Registering mixin config: clientsort.mixins.json
[018月2026 03:35:10.273] [main/DEBUG] [mixin/]: Registering mixin config: clientsort.forge.mixins.json
[018月2026 03:35:10.278] [main/DEBUG] [mixin/]: Adding mixin platform agents for container SecureJarResource(balm)
[018月2026 03:35:10.278] [main/DEBUG] [mixin/]: Instancing new MixinPlatformAgentMinecraftForge for SecureJarResource(balm)
[018月2026 03:35:10.279] [main/DEBUG] [mixin/]: MixinPlatformAgentMinecraftForge rejected container SecureJarResource(balm)
[018月2026 03:35:10.279] [main/DEBUG] [mixin/]: Instancing new MixinPlatformAgentDefault for SecureJarResource(balm)
[018月2026 03:35:10.279] [main/DEBUG] [mixin/]: MixinPlatformAgentDefault accepted container SecureJarResource(balm)
[018月2026 03:35:10.279] [main/DEBUG] [mixin/]: Processing prepare() for PlatformAgent[MixinPlatformAgentDefault:SecureJarResource(balm)]
[018月2026 03:35:10.279] [main/DEBUG] [mixin/]: Registering mixin config: balm.mixins.json
[018月2026 03:35:10.282] [main/DEBUG] [mixin/]: Adding mixin platform agents for container SecureJarResource(cloth_config)
[018月2026 03:35:10.282] [main/DEBUG] [mixin/]: Instancing new MixinPlatformAgentMinecraftForge for SecureJarResource(cloth_config)
[018月2026 03:35:10.282] [main/DEBUG] [mixin/]: MixinPlatformAgentMinecraftForge rejected container SecureJarResource(cloth_config)
[018月2026 03:35:10.282] [main/DEBUG] [mixin/]: Instancing new MixinPlatformAgentDefault for SecureJarResource(cloth_config)
[018月2026 03:35:10.282] [main/DEBUG] [mixin/]: MixinPlatformAgentDefault accepted container SecureJarResource(cloth_config)
[018月2026 03:35:10.283] [main/DEBUG] [mixin/]: Processing prepare() for PlatformAgent[MixinPlatformAgentDefault:SecureJarResource(cloth_config)]
[018月2026 03:35:10.283] [main/DEBUG] [mixin/]: Adding mixin platform agents for container SecureJarResource(forge)
[018月2026 03:35:10.283] [main/DEBUG] [mixin/]: Instancing new MixinPlatformAgentMinecraftForge for SecureJarResource(forge)
[018月2026 03:35:10.283] [main/DEBUG] [mixin/]: MixinPlatformAgentMinecraftForge rejected container SecureJarResource(forge)
[018月2026 03:35:10.283] [main/DEBUG] [mixin/]: Instancing new MixinPlatformAgentDefault for SecureJarResource(forge)
[018月2026 03:35:10.283] [main/DEBUG] [mixin/]: MixinPlatformAgentDefault accepted container SecureJarResource(forge)
[018月2026 03:35:10.283] [main/DEBUG] [mixin/]: Processing prepare() for PlatformAgent[MixinPlatformAgentDefault:SecureJarResource(forge)]
[018月2026 03:35:10.283] [main/DEBUG] [mixin/]: Adding mixin platform agents for container SecureJarResource(compactmekanismmachines)
[018月2026 03:35:10.283] [main/DEBUG] [mixin/]: Instancing new MixinPlatformAgentMinecraftForge for SecureJarResource(compactmekanismmachines)
[018月2026 03:35:10.283] [main/DEBUG] [mixin/]: MixinPlatformAgentMinecraftForge rejected container SecureJarResource(compactmekanismmachines)
[018月2026 03:35:10.283] [main/DEBUG] [mixin/]: Instancing new MixinPlatformAgentDefault for SecureJarResource(compactmekanismmachines)
[018月2026 03:35:10.284] [main/DEBUG] [mixin/]: MixinPlatformAgentDefault accepted container SecureJarResource(compactmekanismmachines)
[018月2026 03:35:10.284] [main/DEBUG] [mixin/]: Processing prepare() for PlatformAgent[MixinPlatformAgentDefault:SecureJarResource(compactmekanismmachines)]
[018月2026 03:35:10.284] [main/DEBUG] [mixin/]: Adding mixin platform agents for container SecureJarResource(trenzalore)
[018月2026 03:35:10.284] [main/DEBUG] [mixin/]: Instancing new MixinPlatformAgentMinecraftForge for SecureJarResource(trenzalore)
[018月2026 03:35:10.284] [main/DEBUG] [mixin/]: MixinPlatformAgentMinecraftForge rejected container SecureJarResource(trenzalore)
[018月2026 03:35:10.284] [main/DEBUG] [mixin/]: Instancing new MixinPlatformAgentDefault for SecureJarResource(trenzalore)
[018月2026 03:35:10.284] [main/DEBUG] [mixin/]: MixinPlatformAgentDefault accepted container SecureJarResource(trenzalore)
[018月2026 03:35:10.285] [main/DEBUG] [mixin/]: Processing prepare() for PlatformAgent[MixinPlatformAgentDefault:SecureJarResource(trenzalore)]
[018月2026 03:35:10.285] [main/DEBUG] [mixin/]: Adding mixin platform agents for container SecureJarResource(astral_mekanism)
[018月2026 03:35:10.285] [main/DEBUG] [mixin/]: Instancing new MixinPlatformAgentMinecraftForge for SecureJarResource(astral_mekanism)
[018月2026 03:35:10.285] [main/DEBUG] [mixin/]: MixinPlatformAgentMinecraftForge rejected container SecureJarResource(astral_mekanism)
[018月2026 03:35:10.285] [main/DEBUG] [mixin/]: Instancing new MixinPlatformAgentDefault for SecureJarResource(astral_mekanism)
[018月2026 03:35:10.285] [main/DEBUG] [mixin/]: MixinPlatformAgentDefault accepted container SecureJarResource(astral_mekanism)
[018月2026 03:35:10.285] [main/DEBUG] [mixin/]: Processing prepare() for PlatformAgent[MixinPlatformAgentDefault:SecureJarResource(astral_mekanism)]
[018月2026 03:35:10.285] [main/DEBUG] [mixin/]: Registering mixin config: astral_mekanism.mixins.json
[018月2026 03:35:10.289] [main/DEBUG] [mixin/]: Adding mixin platform agents for container SecureJarResource(staaaaaaaaaaaack)
[018月2026 03:35:10.290] [main/DEBUG] [mixin/]: Instancing new MixinPlatformAgentMinecraftForge for SecureJarResource(staaaaaaaaaaaack)
[018月2026 03:35:10.290] [main/DEBUG] [mixin/]: MixinPlatformAgentMinecraftForge rejected container SecureJarResource(staaaaaaaaaaaack)
[018月2026 03:35:10.290] [main/DEBUG] [mixin/]: Instancing new MixinPlatformAgentDefault for SecureJarResource(staaaaaaaaaaaack)
[018月2026 03:35:10.290] [main/DEBUG] [mixin/]: MixinPlatformAgentDefault accepted container SecureJarResource(staaaaaaaaaaaack)
[018月2026 03:35:10.291] [main/DEBUG] [mixin/]: Processing prepare() for PlatformAgent[MixinPlatformAgentDefault:SecureJarResource(staaaaaaaaaaaack)]
[018月2026 03:35:10.291] [main/DEBUG] [mixin/]: Registering mixin config: staaaaaaaaaaaack.mixins.json
[018月2026 03:35:10.306] [main/DEBUG] [mixin/]: Adding mixin platform agents for container SecureJarResource(craftingtweaks)
[018月2026 03:35:10.307] [main/DEBUG] [mixin/]: Instancing new MixinPlatformAgentMinecraftForge for SecureJarResource(craftingtweaks)
[018月2026 03:35:10.307] [main/DEBUG] [mixin/]: MixinPlatformAgentMinecraftForge rejected container SecureJarResource(craftingtweaks)
[018月2026 03:35:10.307] [main/DEBUG] [mixin/]: Instancing new MixinPlatformAgentDefault for SecureJarResource(craftingtweaks)
[018月2026 03:35:10.307] [main/DEBUG] [mixin/]: MixinPlatformAgentDefault accepted container SecureJarResource(craftingtweaks)
[018月2026 03:35:10.307] [main/DEBUG] [mixin/]: Processing prepare() for PlatformAgent[MixinPlatformAgentDefault:SecureJarResource(craftingtweaks)]
[018月2026 03:35:10.310] [main/DEBUG] [mixin/]: Registering mixin config: craftingtweaks.mixins.json
[018月2026 03:35:10.313] [main/DEBUG] [mixin/]: Adding mixin platform agents for container SecureJarResource(glodium)
[018月2026 03:35:10.313] [main/DEBUG] [mixin/]: Instancing new MixinPlatformAgentMinecraftForge for SecureJarResource(glodium)
[018月2026 03:35:10.313] [main/DEBUG] [mixin/]: MixinPlatformAgentMinecraftForge rejected container SecureJarResource(glodium)
[018月2026 03:35:10.314] [main/DEBUG] [mixin/]: Instancing new MixinPlatformAgentDefault for SecureJarResource(glodium)
[018月2026 03:35:10.314] [main/DEBUG] [mixin/]: MixinPlatformAgentDefault accepted container SecureJarResource(glodium)
[018月2026 03:35:10.314] [main/DEBUG] [mixin/]: Processing prepare() for PlatformAgent[MixinPlatformAgentDefault:SecureJarResource(glodium)]
[018月2026 03:35:10.314] [main/DEBUG] [mixin/]: Adding mixin platform agents for container SecureJarResource(minecraft)
[018月2026 03:35:10.314] [main/DEBUG] [mixin/]: Instancing new MixinPlatformAgentMinecraftForge for SecureJarResource(minecraft)
[018月2026 03:35:10.314] [main/DEBUG] [mixin/]: MixinPlatformAgentMinecraftForge rejected container SecureJarResource(minecraft)
[018月2026 03:35:10.314] [main/DEBUG] [mixin/]: Instancing new MixinPlatformAgentDefault for SecureJarResource(minecraft)
[018月2026 03:35:10.314] [main/DEBUG] [mixin/]: MixinPlatformAgentDefault accepted container SecureJarResource(minecraft)
[018月2026 03:35:10.314] [main/DEBUG] [mixin/]: Processing prepare() for PlatformAgent[MixinPlatformAgentDefault:SecureJarResource(minecraft)]
[018月2026 03:35:10.314] [main/DEBUG] [mixin/]: Adding mixin platform agents for container SecureJarResource(builders_dimension)
[018月2026 03:35:10.314] [main/DEBUG] [mixin/]: Instancing new MixinPlatformAgentMinecraftForge for SecureJarResource(builders_dimension)
[018月2026 03:35:10.314] [main/DEBUG] [mixin/]: MixinPlatformAgentMinecraftForge rejected container SecureJarResource(builders_dimension)
[018月2026 03:35:10.314] [main/DEBUG] [mixin/]: Instancing new MixinPlatformAgentDefault for SecureJarResource(builders_dimension)
[018月2026 03:35:10.314] [main/DEBUG] [mixin/]: MixinPlatformAgentDefault accepted container SecureJarResource(builders_dimension)
[018月2026 03:35:10.314] [main/DEBUG] [mixin/]: Processing prepare() for PlatformAgent[MixinPlatformAgentDefault:SecureJarResource(builders_dimension)]
[018月2026 03:35:10.315] [main/DEBUG] [mixin/]: Adding mixin platform agents for container SecureJarResource(mousetweaks)
[018月2026 03:35:10.315] [main/DEBUG] [mixin/]: Instancing new MixinPlatformAgentMinecraftForge for SecureJarResource(mousetweaks)
[018月2026 03:35:10.315] [main/DEBUG] [mixin/]: MixinPlatformAgentMinecraftForge rejected container SecureJarResource(mousetweaks)
[018月2026 03:35:10.315] [main/DEBUG] [mixin/]: Instancing new MixinPlatformAgentDefault for SecureJarResource(mousetweaks)
[018月2026 03:35:10.315] [main/DEBUG] [mixin/]: MixinPlatformAgentDefault accepted container SecureJarResource(mousetweaks)
[018月2026 03:35:10.315] [main/DEBUG] [mixin/]: Processing prepare() for PlatformAgent[MixinPlatformAgentDefault:SecureJarResource(mousetweaks)]
[018月2026 03:35:10.315] [main/DEBUG] [mixin/]: Registering mixin config: mousetweaks.mixins.json
[018月2026 03:35:10.317] [main/DEBUG] [mixin/]: Adding mixin platform agents for container SecureJarResource(jade)
[018月2026 03:35:10.318] [main/DEBUG] [mixin/]: Instancing new MixinPlatformAgentMinecraftForge for SecureJarResource(jade)
[018月2026 03:35:10.318] [main/DEBUG] [mixin/]: MixinPlatformAgentMinecraftForge rejected container SecureJarResource(jade)
[018月2026 03:35:10.318] [main/DEBUG] [mixin/]: Instancing new MixinPlatformAgentDefault for SecureJarResource(jade)
[018月2026 03:35:10.318] [main/DEBUG] [mixin/]: MixinPlatformAgentDefault accepted container SecureJarResource(jade)
[018月2026 03:35:10.318] [main/DEBUG] [mixin/]: Processing prepare() for PlatformAgent[MixinPlatformAgentDefault:SecureJarResource(jade)]
[018月2026 03:35:10.318] [main/DEBUG] [mixin/]: Registering mixin config: jade.mixins.json
[018月2026 03:35:10.321] [main/DEBUG] [mixin/]: Compatibility level JAVA_16 specified by jade.mixins.json is higher than the maximum level supported by this version of mixin (JAVA_13).
[018月2026 03:35:10.330] [main/DEBUG] [mixin/]: Adding mixin platform agents for container SecureJarResource(ae2)
[018月2026 03:35:10.330] [main/DEBUG] [mixin/]: Instancing new MixinPlatformAgentMinecraftForge for SecureJarResource(ae2)
[018月2026 03:35:10.331] [main/DEBUG] [mixin/]: MixinPlatformAgentMinecraftForge rejected container SecureJarResource(ae2)
[018月2026 03:35:10.331] [main/DEBUG] [mixin/]: Instancing new MixinPlatformAgentDefault for SecureJarResource(ae2)
[018月2026 03:35:10.331] [main/DEBUG] [mixin/]: MixinPlatformAgentDefault accepted container SecureJarResource(ae2)
[018月2026 03:35:10.331] [main/DEBUG] [mixin/]: Processing prepare() for PlatformAgent[MixinPlatformAgentDefault:SecureJarResource(ae2)]
[018月2026 03:35:10.331] [main/DEBUG] [mixin/]: Registering mixin config: ae2.mixins.json
[018月2026 03:35:10.334] [main/DEBUG] [mixin/]: Compatibility level JAVA_11 specified by ae2.mixins.json is lower than the default level supported by the current mixin service (JAVA_16).
[018月2026 03:35:10.334] [main/DEBUG] [mixin/]: Adding mixin platform agents for container SecureJarResource(advanced_ae)
[018月2026 03:35:10.334] [main/DEBUG] [mixin/]: Instancing new MixinPlatformAgentMinecraftForge for SecureJarResource(advanced_ae)
[018月2026 03:35:10.335] [main/DEBUG] [mixin/]: MixinPlatformAgentMinecraftForge rejected container SecureJarResource(advanced_ae)
[018月2026 03:35:10.335] [main/DEBUG] [mixin/]: Instancing new MixinPlatformAgentDefault for SecureJarResource(advanced_ae)
[018月2026 03:35:10.335] [main/DEBUG] [mixin/]: MixinPlatformAgentDefault accepted container SecureJarResource(advanced_ae)
[018月2026 03:35:10.335] [main/DEBUG] [mixin/]: Processing prepare() for PlatformAgent[MixinPlatformAgentDefault:SecureJarResource(advanced_ae)]
[018月2026 03:35:10.336] [main/DEBUG] [mixin/]: Registering mixin config: mixins.aae.json
[018月2026 03:35:10.338] [main/DEBUG] [mixin/]: Compatibility level JAVA_11 specified by mixins.aae.json is lower than the default level supported by the current mixin service (JAVA_16).
[018月2026 03:35:10.339] [main/DEBUG] [mixin/]: Adding mixin platform agents for container SecureJarResource(appflux)
[018月2026 03:35:10.339] [main/DEBUG] [mixin/]: Instancing new MixinPlatformAgentMinecraftForge for SecureJarResource(appflux)
[018月2026 03:35:10.339] [main/DEBUG] [mixin/]: MixinPlatformAgentMinecraftForge rejected container SecureJarResource(appflux)
[018月2026 03:35:10.339] [main/DEBUG] [mixin/]: Instancing new MixinPlatformAgentDefault for SecureJarResource(appflux)
[018月2026 03:35:10.339] [main/DEBUG] [mixin/]: MixinPlatformAgentDefault accepted container SecureJarResource(appflux)
[018月2026 03:35:10.339] [main/DEBUG] [mixin/]: Processing prepare() for PlatformAgent[MixinPlatformAgentDefault:SecureJarResource(appflux)]
[018月2026 03:35:10.339] [main/DEBUG] [mixin/]: Registering mixin config: mixins.appflux.json
[018月2026 03:35:10.343] [main/DEBUG] [mixin/]: Adding mixin platform agents for container SecureJarResource(curios)
[018月2026 03:35:10.344] [main/DEBUG] [mixin/]: Instancing new MixinPlatformAgentMinecraftForge for SecureJarResource(curios)
[018月2026 03:35:10.344] [main/DEBUG] [mixin/]: MixinPlatformAgentMinecraftForge rejected container SecureJarResource(curios)
[018月2026 03:35:10.344] [main/DEBUG] [mixin/]: Instancing new MixinPlatformAgentDefault for SecureJarResource(curios)
[018月2026 03:35:10.344] [main/DEBUG] [mixin/]: MixinPlatformAgentDefault accepted container SecureJarResource(curios)
[018月2026 03:35:10.344] [main/DEBUG] [mixin/]: Processing prepare() for PlatformAgent[MixinPlatformAgentDefault:SecureJarResource(curios)]
[018月2026 03:35:10.344] [main/DEBUG] [mixin/]: Registering mixin config: curios.mixins.json
[018月2026 03:35:10.347] [main/DEBUG] [mixin/]: Adding mixin platform agents for container SecureJarResource(mekanism)
[018月2026 03:35:10.347] [main/DEBUG] [mixin/]: Instancing new MixinPlatformAgentMinecraftForge for SecureJarResource(mekanism)
[018月2026 03:35:10.347] [main/DEBUG] [mixin/]: MixinPlatformAgentMinecraftForge rejected container SecureJarResource(mekanism)
[018月2026 03:35:10.347] [main/DEBUG] [mixin/]: Instancing new MixinPlatformAgentDefault for SecureJarResource(mekanism)
[018月2026 03:35:10.347] [main/DEBUG] [mixin/]: MixinPlatformAgentDefault accepted container SecureJarResource(mekanism)
[018月2026 03:35:10.347] [main/DEBUG] [mixin/]: Processing prepare() for PlatformAgent[MixinPlatformAgentDefault:SecureJarResource(mekanism)]
[018月2026 03:35:10.348] [main/DEBUG] [mixin/]: Adding mixin platform agents for container SecureJarResource(mekanismgenerators)
[018月2026 03:35:10.348] [main/DEBUG] [mixin/]: Instancing new MixinPlatformAgentMinecraftForge for SecureJarResource(mekanismgenerators)
[018月2026 03:35:10.348] [main/DEBUG] [mixin/]: MixinPlatformAgentMinecraftForge rejected container SecureJarResource(mekanismgenerators)
[018月2026 03:35:10.348] [main/DEBUG] [mixin/]: Instancing new MixinPlatformAgentDefault for SecureJarResource(mekanismgenerators)
[018月2026 03:35:10.348] [main/DEBUG] [mixin/]: MixinPlatformAgentDefault accepted container SecureJarResource(mekanismgenerators)
[018月2026 03:35:10.348] [main/DEBUG] [mixin/]: Processing prepare() for PlatformAgent[MixinPlatformAgentDefault:SecureJarResource(mekanismgenerators)]
[018月2026 03:35:10.348] [main/DEBUG] [mixin/]: Adding mixin platform agents for container SecureJarResource(mekanism_extras)
[018月2026 03:35:10.348] [main/DEBUG] [mixin/]: Instancing new MixinPlatformAgentMinecraftForge for SecureJarResource(mekanism_extras)
[018月2026 03:35:10.348] [main/DEBUG] [mixin/]: MixinPlatformAgentMinecraftForge rejected container SecureJarResource(mekanism_extras)
[018月2026 03:35:10.348] [main/DEBUG] [mixin/]: Instancing new MixinPlatformAgentDefault for SecureJarResource(mekanism_extras)
[018月2026 03:35:10.348] [main/DEBUG] [mixin/]: MixinPlatformAgentDefault accepted container SecureJarResource(mekanism_extras)
[018月2026 03:35:10.348] [main/DEBUG] [mixin/]: Processing prepare() for PlatformAgent[MixinPlatformAgentDefault:SecureJarResource(mekanism_extras)]
[018月2026 03:35:10.348] [main/DEBUG] [mixin/]: Registering mixin config: mekanism_extras.mixins.json
[018月2026 03:35:10.365] [main/DEBUG] [mixin/]: Adding mixin platform agents for container SecureJarResource(evolvedmekanism)
[018月2026 03:35:10.365] [main/DEBUG] [mixin/]: Instancing new MixinPlatformAgentMinecraftForge for SecureJarResource(evolvedmekanism)
[018月2026 03:35:10.365] [main/DEBUG] [mixin/]: MixinPlatformAgentMinecraftForge rejected container SecureJarResource(evolvedmekanism)
[018月2026 03:35:10.366] [main/DEBUG] [mixin/]: Instancing new MixinPlatformAgentDefault for SecureJarResource(evolvedmekanism)
[018月2026 03:35:10.366] [main/DEBUG] [mixin/]: MixinPlatformAgentDefault accepted container SecureJarResource(evolvedmekanism)
[018月2026 03:35:10.366] [main/DEBUG] [mixin/]: Processing prepare() for PlatformAgent[MixinPlatformAgentDefault:SecureJarResource(evolvedmekanism)]
[018月2026 03:35:10.366] [main/DEBUG] [mixin/]: Registering mixin config: evolvedmekanism.mixins.json
[018月2026 03:35:10.370] [main/DEBUG] [mixin/]: Adding mixin platform agents for container SecureJarResource(emextras)
[018月2026 03:35:10.370] [main/DEBUG] [mixin/]: Instancing new MixinPlatformAgentMinecraftForge for SecureJarResource(emextras)
[018月2026 03:35:10.371] [main/DEBUG] [mixin/]: MixinPlatformAgentMinecraftForge rejected container SecureJarResource(emextras)
[018月2026 03:35:10.371] [main/DEBUG] [mixin/]: Instancing new MixinPlatformAgentDefault for SecureJarResource(emextras)
[018月2026 03:35:10.371] [main/DEBUG] [mixin/]: MixinPlatformAgentDefault accepted container SecureJarResource(emextras)
[018月2026 03:35:10.371] [main/DEBUG] [mixin/]: Processing prepare() for PlatformAgent[MixinPlatformAgentDefault:SecureJarResource(emextras)]
[018月2026 03:35:10.371] [main/DEBUG] [mixin/]: Registering mixin config: emextras.mixins.json
[018月2026 03:35:10.376] [main/DEBUG] [mixin/]: Adding mixin platform agents for container SecureJarResource(flywheel)
[018月2026 03:35:10.377] [main/DEBUG] [mixin/]: Instancing new MixinPlatformAgentMinecraftForge for SecureJarResource(flywheel)
[018月2026 03:35:10.377] [main/DEBUG] [mixin/]: MixinPlatformAgentMinecraftForge rejected container SecureJarResource(flywheel)
[018月2026 03:35:10.377] [main/DEBUG] [mixin/]: Instancing new MixinPlatformAgentDefault for SecureJarResource(flywheel)
[018月2026 03:35:10.377] [main/DEBUG] [mixin/]: MixinPlatformAgentDefault accepted container SecureJarResource(flywheel)
[018月2026 03:35:10.377] [main/DEBUG] [mixin/]: Processing prepare() for PlatformAgent[MixinPlatformAgentDefault:SecureJarResource(flywheel)]
[018月2026 03:35:10.377] [main/DEBUG] [mixin/]: Registering mixin config: flywheel.backend.mixins.json
[018月2026 03:35:10.381] [main/DEBUG] [mixin/]: Registering mixin config: flywheel.impl.mixins.json
[018月2026 03:35:10.391] [main/DEBUG] [mixin/]: Registering mixin config: flywheel.impl.forge.mixins.json
[018月2026 03:35:10.399] [main/DEBUG] [mixin/]: Adding mixin platform agents for container SecureJarResource(ponder)
[018月2026 03:35:10.400] [main/DEBUG] [mixin/]: Instancing new MixinPlatformAgentMinecraftForge for SecureJarResource(ponder)
[018月2026 03:35:10.400] [main/DEBUG] [mixin/]: MixinPlatformAgentMinecraftForge rejected container SecureJarResource(ponder)
[018月2026 03:35:10.400] [main/DEBUG] [mixin/]: Instancing new MixinPlatformAgentDefault for SecureJarResource(ponder)
[018月2026 03:35:10.400] [main/DEBUG] [mixin/]: MixinPlatformAgentDefault accepted container SecureJarResource(ponder)
[018月2026 03:35:10.400] [main/DEBUG] [mixin/]: Processing prepare() for PlatformAgent[MixinPlatformAgentDefault:SecureJarResource(ponder)]
[018月2026 03:35:10.401] [main/DEBUG] [mixin/]: Registering mixin config: ponder.mixins.json
[018月2026 03:35:10.403] [main/DEBUG] [mixin/]: Registering mixin config: ponder-common.mixins.json
[018月2026 03:35:10.420] [main/DEBUG] [mixin/]: Adding mixin platform agents for container SecureJarResource(duplicationless)
[018月2026 03:35:10.420] [main/DEBUG] [mixin/]: Instancing new MixinPlatformAgentMinecraftForge for SecureJarResource(duplicationless)
[018月2026 03:35:10.421] [main/DEBUG] [mixin/]: MixinPlatformAgentMinecraftForge rejected container SecureJarResource(duplicationless)
[018月2026 03:35:10.421] [main/DEBUG] [mixin/]: Instancing new MixinPlatformAgentDefault for SecureJarResource(duplicationless)
[018月2026 03:35:10.421] [main/DEBUG] [mixin/]: MixinPlatformAgentDefault accepted container SecureJarResource(duplicationless)
[018月2026 03:35:10.421] [main/DEBUG] [mixin/]: Processing prepare() for PlatformAgent[MixinPlatformAgentDefault:SecureJarResource(duplicationless)]
[018月2026 03:35:10.421] [main/DEBUG] [mixin/]: Registering mixin config: duplicationless.mixins.json
[018月2026 03:35:10.434] [main/DEBUG] [mixin/]: Compatibility level JAVA_8 specified by duplicationless.mixins.json is lower than the default level supported by the current mixin service (JAVA_16).
[018月2026 03:35:10.439] [main/DEBUG] [mixin/]: Adding mixin platform agents for container SecureJarResource(freecam)
[018月2026 03:35:10.439] [main/DEBUG] [mixin/]: Instancing new MixinPlatformAgentMinecraftForge for SecureJarResource(freecam)
[018月2026 03:35:10.439] [main/DEBUG] [mixin/]: MixinPlatformAgentMinecraftForge rejected container SecureJarResource(freecam)
[018月2026 03:35:10.444] [main/DEBUG] [mixin/]: Instancing new MixinPlatformAgentDefault for SecureJarResource(freecam)
[018月2026 03:35:10.445] [main/DEBUG] [mixin/]: MixinPlatformAgentDefault accepted container SecureJarResource(freecam)
[018月2026 03:35:10.445] [main/DEBUG] [mixin/]: Processing prepare() for PlatformAgent[MixinPlatformAgentDefault:SecureJarResource(freecam)]
[018月2026 03:35:10.445] [main/DEBUG] [mixin/]: Registering mixin config: freecam.mixins.json
[018月2026 03:35:10.448] [main/DEBUG] [mixin/]: Adding mixin platform agents for container SecureJarResource(entityculling)
[018月2026 03:35:10.448] [main/DEBUG] [mixin/]: Instancing new MixinPlatformAgentMinecraftForge for SecureJarResource(entityculling)
[018月2026 03:35:10.449] [main/DEBUG] [mixin/]: MixinPlatformAgentMinecraftForge rejected container SecureJarResource(entityculling)
[018月2026 03:35:10.449] [main/DEBUG] [mixin/]: Instancing new MixinPlatformAgentDefault for SecureJarResource(entityculling)
[018月2026 03:35:10.449] [main/DEBUG] [mixin/]: MixinPlatformAgentDefault accepted container SecureJarResource(entityculling)
[018月2026 03:35:10.449] [main/DEBUG] [mixin/]: Processing prepare() for PlatformAgent[MixinPlatformAgentDefault:SecureJarResource(entityculling)]
[018月2026 03:35:10.449] [main/DEBUG] [mixin/]: Registering mixin config: entityculling.mixins.json
[018月2026 03:35:10.452] [main/DEBUG] [mixin/]: Compatibility level JAVA_16 specified by entityculling.mixins.json is higher than the maximum level supported by this version of mixin (JAVA_13).
[018月2026 03:35:10.452] [main/DEBUG] [mixin/]: Adding mixin platform agents for container SecureJarResource(doespotatotick)
[018月2026 03:35:10.453] [main/DEBUG] [mixin/]: Instancing new MixinPlatformAgentMinecraftForge for SecureJarResource(doespotatotick)
[018月2026 03:35:10.453] [main/DEBUG] [mixin/]: MixinPlatformAgentMinecraftForge rejected container SecureJarResource(doespotatotick)
[018月2026 03:35:10.453] [main/DEBUG] [mixin/]: Instancing new MixinPlatformAgentDefault for SecureJarResource(doespotatotick)
[018月2026 03:35:10.453] [main/DEBUG] [mixin/]: MixinPlatformAgentDefault accepted container SecureJarResource(doespotatotick)
[018月2026 03:35:10.453] [main/DEBUG] [mixin/]: Processing prepare() for PlatformAgent[MixinPlatformAgentDefault:SecureJarResource(doespotatotick)]
[018月2026 03:35:10.453] [main/DEBUG] [mixin/]: Registering mixin config: doespotatotick.mixins.json
[018月2026 03:35:10.455] [main/DEBUG] [mixin/]: Compatibility level JAVA_8 specified by doespotatotick.mixins.json is lower than the default level supported by the current mixin service (JAVA_16).
[018月2026 03:35:10.456] [main/DEBUG] [mixin/]: Adding mixin platform agents for container SecureJarResource(ae2addonlib)
[018月2026 03:35:10.456] [main/DEBUG] [mixin/]: Instancing new MixinPlatformAgentMinecraftForge for SecureJarResource(ae2addonlib)
[018月2026 03:35:10.456] [main/DEBUG] [mixin/]: MixinPlatformAgentMinecraftForge rejected container SecureJarResource(ae2addonlib)
[018月2026 03:35:10.457] [main/DEBUG] [mixin/]: Instancing new MixinPlatformAgentDefault for SecureJarResource(ae2addonlib)
[018月2026 03:35:10.457] [main/DEBUG] [mixin/]: MixinPlatformAgentDefault accepted container SecureJarResource(ae2addonlib)
[018月2026 03:35:10.457] [main/DEBUG] [mixin/]: Processing prepare() for PlatformAgent[MixinPlatformAgentDefault:SecureJarResource(ae2addonlib)]
[018月2026 03:35:10.457] [main/DEBUG] [mixin/]: Adding mixin platform agents for container SecureJarResource(mekanismtools)
[018月2026 03:35:10.457] [main/DEBUG] [mixin/]: Instancing new MixinPlatformAgentMinecraftForge for SecureJarResource(mekanismtools)
[018月2026 03:35:10.457] [main/DEBUG] [mixin/]: MixinPlatformAgentMinecraftForge rejected container SecureJarResource(mekanismtools)
[018月2026 03:35:10.458] [main/DEBUG] [mixin/]: Instancing new MixinPlatformAgentDefault for SecureJarResource(mekanismtools)
[018月2026 03:35:10.459] [main/DEBUG] [mixin/]: MixinPlatformAgentDefault accepted container SecureJarResource(mekanismtools)
[018月2026 03:35:10.459] [main/DEBUG] [mixin/]: Processing prepare() for PlatformAgent[MixinPlatformAgentDefault:SecureJarResource(mekanismtools)]
[018月2026 03:35:10.460] [main/DEBUG] [mixin/]: Adding mixin platform agents for container SecureJarResource(constructionwand)
[018月2026 03:35:10.460] [main/DEBUG] [mixin/]: Instancing new MixinPlatformAgentMinecraftForge for SecureJarResource(constructionwand)
[018月2026 03:35:10.460] [main/DEBUG] [mixin/]: MixinPlatformAgentMinecraftForge rejected container SecureJarResource(constructionwand)
[018月2026 03:35:10.460] [main/DEBUG] [mixin/]: Instancing new MixinPlatformAgentDefault for SecureJarResource(constructionwand)
[018月2026 03:35:10.460] [main/DEBUG] [mixin/]: MixinPlatformAgentDefault accepted container SecureJarResource(constructionwand)
[018月2026 03:35:10.460] [main/DEBUG] [mixin/]: Processing prepare() for PlatformAgent[MixinPlatformAgentDefault:SecureJarResource(constructionwand)]
[018月2026 03:35:10.460] [main/DEBUG] [mixin/]: Adding mixin platform agents for container SecureJarResource(architectury)
[018月2026 03:35:10.460] [main/DEBUG] [mixin/]: Instancing new MixinPlatformAgentMinecraftForge for SecureJarResource(architectury)
[018月2026 03:35:10.460] [main/DEBUG] [mixin/]: MixinPlatformAgentMinecraftForge rejected container SecureJarResource(architectury)
[018月2026 03:35:10.460] [main/DEBUG] [mixin/]: Instancing new MixinPlatformAgentDefault for SecureJarResource(architectury)
[018月2026 03:35:10.460] [main/DEBUG] [mixin/]: MixinPlatformAgentDefault accepted container SecureJarResource(architectury)
[018月2026 03:35:10.461] [main/DEBUG] [mixin/]: Processing prepare() for PlatformAgent[MixinPlatformAgentDefault:SecureJarResource(architectury)]
[018月2026 03:35:10.461] [main/DEBUG] [mixin/]: Registering mixin config: architectury.mixins.json
[018月2026 03:35:10.470] [main/DEBUG] [mixin/]: Compatibility level JAVA_16 specified by architectury.mixins.json is higher than the maximum level supported by this version of mixin (JAVA_13).
[018月2026 03:35:10.470] [main/DEBUG] [mixin/]: Registering mixin config: architectury-common.mixins.json
[018月2026 03:35:10.473] [main/DEBUG] [mixin/]: Compatibility level JAVA_16 specified by architectury-common.mixins.json is higher than the maximum level supported by this version of mixin (JAVA_13).
[018月2026 03:35:10.473] [main/DEBUG] [mixin/]: Adding mixin platform agents for container SecureJarResource(appleskin)
[018月2026 03:35:10.474] [main/DEBUG] [mixin/]: Instancing new MixinPlatformAgentMinecraftForge for SecureJarResource(appleskin)
[018月2026 03:35:10.474] [main/DEBUG] [mixin/]: MixinPlatformAgentMinecraftForge rejected container SecureJarResource(appleskin)
[018月2026 03:35:10.474] [main/DEBUG] [mixin/]: Instancing new MixinPlatformAgentDefault for SecureJarResource(appleskin)
[018月2026 03:35:10.474] [main/DEBUG] [mixin/]: MixinPlatformAgentDefault accepted container SecureJarResource(appleskin)
[018月2026 03:35:10.474] [main/DEBUG] [mixin/]: Processing prepare() for PlatformAgent[MixinPlatformAgentDefault:SecureJarResource(appleskin)]
[018月2026 03:35:10.474] [main/DEBUG] [mixin/]: Adding mixin platform agents for container SecureJarResource(ferritecore)
[018月2026 03:35:10.474] [main/DEBUG] [mixin/]: Instancing new MixinPlatformAgentMinecraftForge for SecureJarResource(ferritecore)
[018月2026 03:35:10.474] [main/DEBUG] [mixin/]: MixinPlatformAgentMinecraftForge rejected container SecureJarResource(ferritecore)
[018月2026 03:35:10.474] [main/DEBUG] [mixin/]: Instancing new MixinPlatformAgentDefault for SecureJarResource(ferritecore)
[018月2026 03:35:10.475] [main/DEBUG] [mixin/]: MixinPlatformAgentDefault accepted container SecureJarResource(ferritecore)
[018月2026 03:35:10.476] [main/DEBUG] [mixin/]: Processing prepare() for PlatformAgent[MixinPlatformAgentDefault:SecureJarResource(ferritecore)]
[018月2026 03:35:10.476] [main/DEBUG] [mixin/]: Registering mixin config: ferritecore.predicates.mixin.json
[018月2026 03:35:10.479] [main/DEBUG] [mixin/]: Registering mixin config: ferritecore.fastmap.mixin.json
[018月2026 03:35:10.481] [main/DEBUG] [mixin/]: Registering mixin config: ferritecore.mrl.mixin.json
[018月2026 03:35:10.484] [main/DEBUG] [mixin/]: Registering mixin config: ferritecore.dedupmultipart.mixin.json
[018月2026 03:35:10.492] [main/DEBUG] [mixin/]: Registering mixin config: ferritecore.blockstatecache.mixin.json
[018月2026 03:35:10.495] [main/DEBUG] [mixin/]: Registering mixin config: ferritecore.dedupbakedquad.mixin.json
[018月2026 03:35:10.498] [main/DEBUG] [mixin/]: Registering mixin config: ferritecore.threaddetec.mixin.json
[018月2026 03:35:10.501] [main/DEBUG] [mixin/]: Registering mixin config: ferritecore.modelsides.mixin.json
[018月2026 03:35:10.503] [main/DEBUG] [mixin/]: Adding mixin platform agents for container SecureJarResource(yet_another_config_lib_v3)
[018月2026 03:35:10.504] [main/DEBUG] [mixin/]: Instancing new MixinPlatformAgentMinecraftForge for SecureJarResource(yet_another_config_lib_v3)
[018月2026 03:35:10.504] [main/DEBUG] [mixin/]: MixinPlatformAgentMinecraftForge rejected container SecureJarResource(yet_another_config_lib_v3)
[018月2026 03:35:10.505] [main/DEBUG] [mixin/]: Instancing new MixinPlatformAgentDefault for SecureJarResource(yet_another_config_lib_v3)
[018月2026 03:35:10.505] [main/DEBUG] [mixin/]: MixinPlatformAgentDefault accepted container SecureJarResource(yet_another_config_lib_v3)
[018月2026 03:35:10.505] [main/DEBUG] [mixin/]: Processing prepare() for PlatformAgent[MixinPlatformAgentDefault:SecureJarResource(yet_another_config_lib_v3)]
[018月2026 03:35:10.505] [main/DEBUG] [mixin/]: Registering mixin config: yacl.mixins.json
[018月2026 03:35:10.512] [main/ERROR] [mixin/]: Mixin config yacl.mixins.json does not specify "minVersion" property
[018月2026 03:35:10.512] [main/DEBUG] [mixin/]: Adding mixin platform agents for container SecureJarResource(transition)
[018月2026 03:35:10.512] [main/DEBUG] [mixin/]: Instancing new MixinPlatformAgentMinecraftForge for SecureJarResource(transition)
[018月2026 03:35:10.512] [main/DEBUG] [mixin/]: MixinPlatformAgentMinecraftForge rejected container SecureJarResource(transition)
[018月2026 03:35:10.513] [main/DEBUG] [mixin/]: Instancing new MixinPlatformAgentDefault for SecureJarResource(transition)
[018月2026 03:35:10.513] [main/DEBUG] [mixin/]: MixinPlatformAgentDefault accepted container SecureJarResource(transition)
[018月2026 03:35:10.513] [main/DEBUG] [mixin/]: Processing prepare() for PlatformAgent[MixinPlatformAgentDefault:SecureJarResource(transition)]
[018月2026 03:35:10.513] [main/DEBUG] [mixin/]: Registering mixin config: transition.mixins.json
[018月2026 03:35:10.555] [main/DEBUG] [mixin/]: Adding mixin platform agents for container SecureJarResource(mekanismelements)
[018月2026 03:35:10.556] [main/DEBUG] [mixin/]: Instancing new MixinPlatformAgentMinecraftForge for SecureJarResource(mekanismelements)
[018月2026 03:35:10.556] [main/DEBUG] [mixin/]: MixinPlatformAgentMinecraftForge rejected container SecureJarResource(mekanismelements)
[018月2026 03:35:10.556] [main/DEBUG] [mixin/]: Instancing new MixinPlatformAgentDefault for SecureJarResource(mekanismelements)
[018月2026 03:35:10.556] [main/DEBUG] [mixin/]: MixinPlatformAgentDefault accepted container SecureJarResource(mekanismelements)
[018月2026 03:35:10.556] [main/DEBUG] [mixin/]: Processing prepare() for PlatformAgent[MixinPlatformAgentDefault:SecureJarResource(mekanismelements)]
[018月2026 03:35:10.556] [main/DEBUG] [mixin/]: Registering mixin config: mekanismelements.mixins.json
[018月2026 03:35:10.561] [main/DEBUG] [mixin/]: Adding mixin platform agents for container SecureJarResource(stack_upgrade_integration)
[018月2026 03:35:10.562] [main/DEBUG] [mixin/]: Instancing new MixinPlatformAgentMinecraftForge for SecureJarResource(stack_upgrade_integration)
[018月2026 03:35:10.563] [main/DEBUG] [mixin/]: MixinPlatformAgentMinecraftForge rejected container SecureJarResource(stack_upgrade_integration)
[018月2026 03:35:10.563] [main/DEBUG] [mixin/]: Instancing new MixinPlatformAgentDefault for SecureJarResource(stack_upgrade_integration)
[018月2026 03:35:10.597] [main/DEBUG] [mixin/]: MixinPlatformAgentDefault accepted container SecureJarResource(stack_upgrade_integration)
[018月2026 03:35:10.597] [main/DEBUG] [mixin/]: Processing prepare() for PlatformAgent[MixinPlatformAgentDefault:SecureJarResource(stack_upgrade_integration)]
[018月2026 03:35:10.597] [main/DEBUG] [mixin/]: Registering mixin config: stack_upgrade_integration.mixins.json
[018月2026 03:35:10.600] [main/DEBUG] [mixin/]: Adding mixin platform agents for container SecureJarResource(appmek)
[018月2026 03:35:10.600] [main/DEBUG] [mixin/]: Instancing new MixinPlatformAgentMinecraftForge for SecureJarResource(appmek)
[018月2026 03:35:10.600] [main/DEBUG] [mixin/]: MixinPlatformAgentMinecraftForge rejected container SecureJarResource(appmek)
[018月2026 03:35:10.600] [main/DEBUG] [mixin/]: Instancing new MixinPlatformAgentDefault for SecureJarResource(appmek)
[018月2026 03:35:10.601] [main/DEBUG] [mixin/]: MixinPlatformAgentDefault accepted container SecureJarResource(appmek)
[018月2026 03:35:10.601] [main/DEBUG] [mixin/]: Processing prepare() for PlatformAgent[MixinPlatformAgentDefault:SecureJarResource(appmek)]
[018月2026 03:35:10.601] [main/DEBUG] [mixin/]: Adding mixin platform agents for container SecureJarResource(megacells)
[018月2026 03:35:10.601] [main/DEBUG] [mixin/]: Instancing new MixinPlatformAgentMinecraftForge for SecureJarResource(megacells)
[018月2026 03:35:10.601] [main/DEBUG] [mixin/]: MixinPlatformAgentMinecraftForge rejected container SecureJarResource(megacells)
[018月2026 03:35:10.601] [main/DEBUG] [mixin/]: Instancing new MixinPlatformAgentDefault for SecureJarResource(megacells)
[018月2026 03:35:10.601] [main/DEBUG] [mixin/]: MixinPlatformAgentDefault accepted container SecureJarResource(megacells)
[018月2026 03:35:10.601] [main/DEBUG] [mixin/]: Processing prepare() for PlatformAgent[MixinPlatformAgentDefault:SecureJarResource(megacells)]
[018月2026 03:35:10.602] [main/DEBUG] [mixin/]: Registering mixin config: megacells.mixins.json
[018月2026 03:35:10.606] [main/DEBUG] [mixin/]: Registering mixin config: megacells.forge.mixins.json
[018月2026 03:35:10.614] [main/DEBUG] [mixin/]: Adding mixin platform agents for container SecureJarResource(effortlessbuilding)
[018月2026 03:35:10.616] [main/DEBUG] [mixin/]: Instancing new MixinPlatformAgentMinecraftForge for SecureJarResource(effortlessbuilding)
[018月2026 03:35:10.618] [main/DEBUG] [mixin/]: MixinPlatformAgentMinecraftForge rejected container SecureJarResource(effortlessbuilding)
[018月2026 03:35:10.618] [main/DEBUG] [mixin/]: Instancing new MixinPlatformAgentDefault for SecureJarResource(effortlessbuilding)
[018月2026 03:35:10.646] [main/DEBUG] [mixin/]: MixinPlatformAgentDefault accepted container SecureJarResource(effortlessbuilding)
[018月2026 03:35:10.647] [main/DEBUG] [mixin/]: Processing prepare() for PlatformAgent[MixinPlatformAgentDefault:SecureJarResource(effortlessbuilding)]
[018月2026 03:35:10.649] [main/DEBUG] [mixin/]: Adding mixin platform agents for container SecureJarResource(ame_the_valine)
[018月2026 03:35:10.649] [main/DEBUG] [mixin/]: Instancing new MixinPlatformAgentMinecraftForge for SecureJarResource(ame_the_valine)
[018月2026 03:35:10.652] [main/DEBUG] [mixin/]: MixinPlatformAgentMinecraftForge rejected container SecureJarResource(ame_the_valine)
[018月2026 03:35:10.654] [main/DEBUG] [mixin/]: Instancing new MixinPlatformAgentDefault for SecureJarResource(ame_the_valine)
[018月2026 03:35:10.654] [main/DEBUG] [mixin/]: MixinPlatformAgentDefault accepted container SecureJarResource(ame_the_valine)
[018月2026 03:35:10.655] [main/DEBUG] [mixin/]: Processing prepare() for PlatformAgent[MixinPlatformAgentDefault:SecureJarResource(ame_the_valine)]
[018月2026 03:35:10.656] [main/DEBUG] [mixin/]: Adding mixin platform agents for container SecureJarResource(mclib)
[018月2026 03:35:10.657] [main/DEBUG] [mixin/]: Instancing new MixinPlatformAgentMinecraftForge for SecureJarResource(mclib)
[018月2026 03:35:10.659] [main/DEBUG] [mixin/]: MixinPlatformAgentMinecraftForge rejected container SecureJarResource(mclib)
[018月2026 03:35:10.659] [main/DEBUG] [mixin/]: Instancing new MixinPlatformAgentDefault for SecureJarResource(mclib)
[018月2026 03:35:10.660] [main/DEBUG] [mixin/]: MixinPlatformAgentDefault accepted container SecureJarResource(mclib)
[018月2026 03:35:10.661] [main/DEBUG] [mixin/]: Processing prepare() for PlatformAgent[MixinPlatformAgentDefault:SecureJarResource(mclib)]
[018月2026 03:35:10.661] [main/DEBUG] [mixin/]: Adding mixin platform agents for container SecureJarResource(org.quiltmc.parsers.json)
[018月2026 03:35:10.662] [main/DEBUG] [mixin/]: Instancing new MixinPlatformAgentMinecraftForge for SecureJarResource(org.quiltmc.parsers.json)
[018月2026 03:35:10.664] [main/DEBUG] [mixin/]: MixinPlatformAgentMinecraftForge rejected container SecureJarResource(org.quiltmc.parsers.json)
[018月2026 03:35:10.664] [main/DEBUG] [mixin/]: Instancing new MixinPlatformAgentDefault for SecureJarResource(org.quiltmc.parsers.json)
[018月2026 03:35:10.664] [main/DEBUG] [mixin/]: MixinPlatformAgentDefault accepted container SecureJarResource(org.quiltmc.parsers.json)
[018月2026 03:35:10.664] [main/DEBUG] [mixin/]: Processing prepare() for PlatformAgent[MixinPlatformAgentDefault:SecureJarResource(org.quiltmc.parsers.json)]
[018月2026 03:35:10.729] [main/DEBUG] [mixin/]: Adding mixin platform agents for container SecureJarResource(NanoLiveConfig)
[018月2026 03:35:10.737] [main/DEBUG] [mixin/]: Instancing new MixinPlatformAgentMinecraftForge for SecureJarResource(NanoLiveConfig)
[018月2026 03:35:10.738] [main/DEBUG] [mixin/]: MixinPlatformAgentMinecraftForge rejected container SecureJarResource(NanoLiveConfig)
[018月2026 03:35:10.739] [main/DEBUG] [mixin/]: Instancing new MixinPlatformAgentDefault for SecureJarResource(NanoLiveConfig)
[018月2026 03:35:10.739] [main/DEBUG] [mixin/]: MixinPlatformAgentDefault accepted container SecureJarResource(NanoLiveConfig)
[018月2026 03:35:10.743] [main/DEBUG] [mixin/]: Processing prepare() for PlatformAgent[MixinPlatformAgentDefault:SecureJarResource(NanoLiveConfig)]
[018月2026 03:35:10.744] [main/DEBUG] [mixin/]: Adding mixin platform agents for container SecureJarResource(com.twelvemonkeys.imageio.webp)
[018月2026 03:35:10.747] [main/DEBUG] [mixin/]: Instancing new MixinPlatformAgentMinecraftForge for SecureJarResource(com.twelvemonkeys.imageio.webp)
[018月2026 03:35:10.747] [main/DEBUG] [mixin/]: MixinPlatformAgentMinecraftForge rejected container SecureJarResource(com.twelvemonkeys.imageio.webp)
[018月2026 03:35:10.748] [main/DEBUG] [mixin/]: Instancing new MixinPlatformAgentDefault for SecureJarResource(com.twelvemonkeys.imageio.webp)
[018月2026 03:35:10.748] [main/DEBUG] [mixin/]: MixinPlatformAgentDefault accepted container SecureJarResource(com.twelvemonkeys.imageio.webp)
[018月2026 03:35:10.749] [main/DEBUG] [mixin/]: Processing prepare() for PlatformAgent[MixinPlatformAgentDefault:SecureJarResource(com.twelvemonkeys.imageio.webp)]
[018月2026 03:35:10.749] [main/DEBUG] [mixin/]: Adding mixin platform agents for container SecureJarResource(mixinextras)
[018月2026 03:35:10.750] [main/DEBUG] [mixin/]: Instancing new MixinPlatformAgentMinecraftForge for SecureJarResource(mixinextras)
[018月2026 03:35:10.751] [main/DEBUG] [mixin/]: MixinPlatformAgentMinecraftForge rejected container SecureJarResource(mixinextras)
[018月2026 03:35:10.751] [main/DEBUG] [mixin/]: Instancing new MixinPlatformAgentDefault for SecureJarResource(mixinextras)
[018月2026 03:35:10.751] [main/DEBUG] [mixin/]: MixinPlatformAgentDefault accepted container SecureJarResource(mixinextras)
[018月2026 03:35:10.753] [main/DEBUG] [mixin/]: Processing prepare() for PlatformAgent[MixinPlatformAgentDefault:SecureJarResource(mixinextras)]
[018月2026 03:35:10.754] [main/DEBUG] [mixin/]: Registering mixin config: mixinextras.init.mixins.json
[018月2026 03:35:10.773] [main/DEBUG] [mixin/]: Adding mixin platform agents for container SecureJarResource(UnRealConfig.gson)
[018月2026 03:35:10.776] [main/DEBUG] [mixin/]: Instancing new MixinPlatformAgentMinecraftForge for SecureJarResource(UnRealConfig.gson)
[018月2026 03:35:10.776] [main/DEBUG] [mixin/]: MixinPlatformAgentMinecraftForge rejected container SecureJarResource(UnRealConfig.gson)
[018月2026 03:35:10.777] [main/DEBUG] [mixin/]: Instancing new MixinPlatformAgentDefault for SecureJarResource(UnRealConfig.gson)
[018月2026 03:35:10.777] [main/DEBUG] [mixin/]: MixinPlatformAgentDefault accepted container SecureJarResource(UnRealConfig.gson)
[018月2026 03:35:10.777] [main/DEBUG] [mixin/]: Processing prepare() for PlatformAgent[MixinPlatformAgentDefault:SecureJarResource(UnRealConfig.gson)]
[018月2026 03:35:10.779] [main/DEBUG] [mixin/]: Adding mixin platform agents for container SecureJarResource(com.twelvemonkeys.common.lang)
[018月2026 03:35:10.779] [main/DEBUG] [mixin/]: Instancing new MixinPlatformAgentMinecraftForge for SecureJarResource(com.twelvemonkeys.common.lang)
[018月2026 03:35:10.779] [main/DEBUG] [mixin/]: MixinPlatformAgentMinecraftForge rejected container SecureJarResource(com.twelvemonkeys.common.lang)
[018月2026 03:35:10.779] [main/DEBUG] [mixin/]: Instancing new MixinPlatformAgentDefault for SecureJarResource(com.twelvemonkeys.common.lang)
[018月2026 03:35:10.780] [main/DEBUG] [mixin/]: MixinPlatformAgentDefault accepted container SecureJarResource(com.twelvemonkeys.common.lang)
[018月2026 03:35:10.780] [main/DEBUG] [mixin/]: Processing prepare() for PlatformAgent[MixinPlatformAgentDefault:SecureJarResource(com.twelvemonkeys.common.lang)]
[018月2026 03:35:10.780] [main/DEBUG] [mixin/]: Adding mixin platform agents for container SecureJarResource(com.twelvemonkeys.imageio.metadata)
[018月2026 03:35:10.781] [main/DEBUG] [mixin/]: Instancing new MixinPlatformAgentMinecraftForge for SecureJarResource(com.twelvemonkeys.imageio.metadata)
[018月2026 03:35:10.781] [main/DEBUG] [mixin/]: MixinPlatformAgentMinecraftForge rejected container SecureJarResource(com.twelvemonkeys.imageio.metadata)
[018月2026 03:35:10.782] [main/DEBUG] [mixin/]: Instancing new MixinPlatformAgentDefault for SecureJarResource(com.twelvemonkeys.imageio.metadata)
[018月2026 03:35:10.782] [main/DEBUG] [mixin/]: MixinPlatformAgentDefault accepted container SecureJarResource(com.twelvemonkeys.imageio.metadata)
[018月2026 03:35:10.782] [main/DEBUG] [mixin/]: Processing prepare() for PlatformAgent[MixinPlatformAgentDefault:SecureJarResource(com.twelvemonkeys.imageio.metadata)]
[018月2026 03:35:10.782] [main/DEBUG] [mixin/]: Adding mixin platform agents for container SecureJarResource(com.twelvemonkeys.common.image)
[018月2026 03:35:10.782] [main/DEBUG] [mixin/]: Instancing new MixinPlatformAgentMinecraftForge for SecureJarResource(com.twelvemonkeys.common.image)
[018月2026 03:35:10.783] [main/DEBUG] [mixin/]: MixinPlatformAgentMinecraftForge rejected container SecureJarResource(com.twelvemonkeys.common.image)
[018月2026 03:35:10.783] [main/DEBUG] [mixin/]: Instancing new MixinPlatformAgentDefault for SecureJarResource(com.twelvemonkeys.common.image)
[018月2026 03:35:10.784] [main/DEBUG] [mixin/]: MixinPlatformAgentDefault accepted container SecureJarResource(com.twelvemonkeys.common.image)
[018月2026 03:35:10.785] [main/DEBUG] [mixin/]: Processing prepare() for PlatformAgent[MixinPlatformAgentDefault:SecureJarResource(com.twelvemonkeys.common.image)]
[018月2026 03:35:10.820] [main/DEBUG] [mixin/]: Adding mixin platform agents for container SecureJarResource(com.twelvemonkeys.imageio.core)
[018月2026 03:35:10.820] [main/DEBUG] [mixin/]: Instancing new MixinPlatformAgentMinecraftForge for SecureJarResource(com.twelvemonkeys.imageio.core)
[018月2026 03:35:10.820] [main/DEBUG] [mixin/]: MixinPlatformAgentMinecraftForge rejected container SecureJarResource(com.twelvemonkeys.imageio.core)
[018月2026 03:35:10.820] [main/DEBUG] [mixin/]: Instancing new MixinPlatformAgentDefault for SecureJarResource(com.twelvemonkeys.imageio.core)
[018月2026 03:35:10.821] [main/DEBUG] [mixin/]: MixinPlatformAgentDefault accepted container SecureJarResource(com.twelvemonkeys.imageio.core)
[018月2026 03:35:10.821] [main/DEBUG] [mixin/]: Processing prepare() for PlatformAgent[MixinPlatformAgentDefault:SecureJarResource(com.twelvemonkeys.imageio.core)]
[018月2026 03:35:10.821] [main/DEBUG] [mixin/]: Adding mixin platform agents for container SecureJarResource(com.twelvemonkeys.common.io)
[018月2026 03:35:10.821] [main/DEBUG] [mixin/]: Instancing new MixinPlatformAgentMinecraftForge for SecureJarResource(com.twelvemonkeys.common.io)
[018月2026 03:35:10.821] [main/DEBUG] [mixin/]: MixinPlatformAgentMinecraftForge rejected container SecureJarResource(com.twelvemonkeys.common.io)
[018月2026 03:35:10.821] [main/DEBUG] [mixin/]: Instancing new MixinPlatformAgentDefault for SecureJarResource(com.twelvemonkeys.common.io)
[018月2026 03:35:10.821] [main/DEBUG] [mixin/]: MixinPlatformAgentDefault accepted container SecureJarResource(com.twelvemonkeys.common.io)
[018月2026 03:35:10.821] [main/DEBUG] [mixin/]: Processing prepare() for PlatformAgent[MixinPlatformAgentDefault:SecureJarResource(com.twelvemonkeys.common.io)]
[018月2026 03:35:10.821] [main/DEBUG] [mixin/]: Adding mixin platform agents for container SecureJarResource(org.quiltmc.parsers.gson)
[018月2026 03:35:10.821] [main/DEBUG] [mixin/]: Instancing new MixinPlatformAgentMinecraftForge for SecureJarResource(org.quiltmc.parsers.gson)
[018月2026 03:35:10.821] [main/DEBUG] [mixin/]: MixinPlatformAgentMinecraftForge rejected container SecureJarResource(org.quiltmc.parsers.gson)
[018月2026 03:35:10.822] [main/DEBUG] [mixin/]: Instancing new MixinPlatformAgentDefault for SecureJarResource(org.quiltmc.parsers.gson)
[018月2026 03:35:10.822] [main/DEBUG] [mixin/]: MixinPlatformAgentDefault accepted container SecureJarResource(org.quiltmc.parsers.gson)
[018月2026 03:35:10.822] [main/DEBUG] [mixin/]: Processing prepare() for PlatformAgent[MixinPlatformAgentDefault:SecureJarResource(org.quiltmc.parsers.gson)]
[018月2026 03:35:10.822] [main/DEBUG] [mixin/]: Adding mixin platform agents for container SecureJarResource(MixinExtras)
[018月2026 03:35:10.822] [main/DEBUG] [mixin/]: Instancing new MixinPlatformAgentMinecraftForge for SecureJarResource(MixinExtras)
[018月2026 03:35:10.822] [main/DEBUG] [mixin/]: MixinPlatformAgentMinecraftForge rejected container SecureJarResource(MixinExtras)
[018月2026 03:35:10.822] [main/DEBUG] [mixin/]: Instancing new MixinPlatformAgentDefault for SecureJarResource(MixinExtras)
[018月2026 03:35:10.822] [main/DEBUG] [mixin/]: MixinPlatformAgentDefault accepted container SecureJarResource(MixinExtras)
[018月2026 03:35:10.822] [main/DEBUG] [mixin/]: Processing prepare() for PlatformAgent[MixinPlatformAgentDefault:SecureJarResource(MixinExtras)]
[018月2026 03:35:10.822] [main/DEBUG] [mixin/]: Adding mixin platform agents for container SecureJarResource(UnRealConfig.core)
[018月2026 03:35:10.822] [main/DEBUG] [mixin/]: Instancing new MixinPlatformAgentMinecraftForge for SecureJarResource(UnRealConfig.core)
[018月2026 03:35:10.822] [main/DEBUG] [mixin/]: MixinPlatformAgentMinecraftForge rejected container SecureJarResource(UnRealConfig.core)
[018月2026 03:35:10.822] [main/DEBUG] [mixin/]: Instancing new MixinPlatformAgentDefault for SecureJarResource(UnRealConfig.core)
[018月2026 03:35:10.822] [main/DEBUG] [mixin/]: MixinPlatformAgentDefault accepted container SecureJarResource(UnRealConfig.core)
[018月2026 03:35:10.822] [main/DEBUG] [mixin/]: Processing prepare() for PlatformAgent[MixinPlatformAgentDefault:SecureJarResource(UnRealConfig.core)]
[018月2026 03:35:10.823] [main/DEBUG] [mixin/]: inject() running with 74 agents
[018月2026 03:35:10.823] [main/DEBUG] [mixin/]: Processing inject() for PlatformAgent[MixinPlatformAgentDefault:ModLauncher Root Container(ModLauncher:4f56a0a2)]
[018月2026 03:35:10.823] [main/DEBUG] [mixin/]: Processing inject() for PlatformAgent[MixinPlatformAgentDefault:SecureJarResource(radium)]
[018月2026 03:35:10.823] [main/DEBUG] [mixin/]: Processing inject() for PlatformAgent[MixinPlatformAgentDefault:SecureJarResource(kuma_api)]
[018月2026 03:35:10.823] [main/DEBUG] [mixin/]: Processing inject() for PlatformAgent[MixinPlatformAgentDefault:SecureJarResource(flatbedrock)]
[018月2026 03:35:10.823] [main/DEBUG] [mixin/]: Processing inject() for PlatformAgent[MixinPlatformAgentDefault:SecureJarResource(geckolib)]
[018月2026 03:35:10.823] [main/DEBUG] [mixin/]: Processing inject() for PlatformAgent[MixinPlatformAgentDefault:SecureJarResource(jei)]
[018月2026 03:35:10.823] [main/DEBUG] [mixin/]: Processing inject() for PlatformAgent[MixinPlatformAgentDefault:SecureJarResource(igleelib)]
[018月2026 03:35:10.823] [main/DEBUG] [mixin/]: Processing inject() for PlatformAgent[MixinPlatformAgentDefault:SecureJarResource(javd)]
[018月2026 03:35:10.823] [main/DEBUG] [mixin/]: Processing inject() for PlatformAgent[MixinPlatformAgentDefault:SecureJarResource(trender)]
[018月2026 03:35:10.823] [main/DEBUG] [mixin/]: Processing inject() for PlatformAgent[MixinPlatformAgentDefault:SecureJarResource(mekanism_the_valine)]
[018月2026 03:35:10.823] [main/DEBUG] [mixin/]: Processing inject() for PlatformAgent[MixinPlatformAgentDefault:SecureJarResource(neat)]
[018月2026 03:35:10.823] [main/DEBUG] [mixin/]: Processing inject() for PlatformAgent[MixinPlatformAgentDefault:SecureJarResource(clumps)]
[018月2026 03:35:10.824] [main/DEBUG] [mixin/]: Processing inject() for PlatformAgent[MixinPlatformAgentDefault:SecureJarResource(astral_mekanism_more_machine)]
[018月2026 03:35:10.824] [main/DEBUG] [mixin/]: Processing inject() for PlatformAgent[MixinPlatformAgentDefault:SecureJarResource(immersive_optimization)]
[018月2026 03:35:10.824] [main/DEBUG] [mixin/]: Processing inject() for PlatformAgent[MixinPlatformAgentDefault:SecureJarResource(botanypots)]
[018月2026 03:35:10.824] [main/DEBUG] [mixin/]: Processing inject() for PlatformAgent[MixinPlatformAgentDefault:SecureJarResource(bookshelf)]
[018月2026 03:35:10.824] [main/DEBUG] [mixin/]: Processing inject() for PlatformAgent[MixinPlatformAgentDefault:SecureJarResource(guideme)]
[018月2026 03:35:10.824] [main/DEBUG] [mixin/]: Processing inject() for PlatformAgent[MixinPlatformAgentDefault:SecureJarResource(clientsort)]
[018月2026 03:35:10.824] [main/DEBUG] [mixin/]: Processing inject() for PlatformAgent[MixinPlatformAgentDefault:SecureJarResource(balm)]
[018月2026 03:35:10.824] [main/DEBUG] [mixin/]: Processing inject() for PlatformAgent[MixinPlatformAgentDefault:SecureJarResource(cloth_config)]
[018月2026 03:35:10.824] [main/DEBUG] [mixin/]: Processing inject() for PlatformAgent[MixinPlatformAgentDefault:SecureJarResource(forge)]
[018月2026 03:35:10.824] [main/DEBUG] [mixin/]: Processing inject() for PlatformAgent[MixinPlatformAgentDefault:SecureJarResource(compactmekanismmachines)]
[018月2026 03:35:10.824] [main/DEBUG] [mixin/]: Processing inject() for PlatformAgent[MixinPlatformAgentDefault:SecureJarResource(trenzalore)]
[018月2026 03:35:10.824] [main/DEBUG] [mixin/]: Processing inject() for PlatformAgent[MixinPlatformAgentDefault:SecureJarResource(astral_mekanism)]
[018月2026 03:35:10.824] [main/DEBUG] [mixin/]: Processing inject() for PlatformAgent[MixinPlatformAgentDefault:SecureJarResource(staaaaaaaaaaaack)]
[018月2026 03:35:10.825] [main/DEBUG] [mixin/]: Processing inject() for PlatformAgent[MixinPlatformAgentDefault:SecureJarResource(craftingtweaks)]
[018月2026 03:35:10.825] [main/DEBUG] [mixin/]: Processing inject() for PlatformAgent[MixinPlatformAgentDefault:SecureJarResource(glodium)]
[018月2026 03:35:10.825] [main/DEBUG] [mixin/]: Processing inject() for PlatformAgent[MixinPlatformAgentDefault:SecureJarResource(minecraft)]
[018月2026 03:35:10.825] [main/DEBUG] [mixin/]: Processing inject() for PlatformAgent[MixinPlatformAgentDefault:SecureJarResource(builders_dimension)]
[018月2026 03:35:10.825] [main/DEBUG] [mixin/]: Processing inject() for PlatformAgent[MixinPlatformAgentDefault:SecureJarResource(mousetweaks)]
[018月2026 03:35:10.825] [main/DEBUG] [mixin/]: Processing inject() for PlatformAgent[MixinPlatformAgentDefault:SecureJarResource(jade)]
[018月2026 03:35:10.825] [main/DEBUG] [mixin/]: Processing inject() for PlatformAgent[MixinPlatformAgentDefault:SecureJarResource(ae2)]
[018月2026 03:35:10.825] [main/DEBUG] [mixin/]: Processing inject() for PlatformAgent[MixinPlatformAgentDefault:SecureJarResource(advanced_ae)]
[018月2026 03:35:10.826] [main/DEBUG] [mixin/]: Processing inject() for PlatformAgent[MixinPlatformAgentDefault:SecureJarResource(appflux)]
[018月2026 03:35:10.827] [main/DEBUG] [mixin/]: Processing inject() for PlatformAgent[MixinPlatformAgentDefault:SecureJarResource(curios)]
[018月2026 03:35:10.827] [main/DEBUG] [mixin/]: Processing inject() for PlatformAgent[MixinPlatformAgentDefault:SecureJarResource(mekanism)]
[018月2026 03:35:10.827] [main/DEBUG] [mixin/]: Processing inject() for PlatformAgent[MixinPlatformAgentDefault:SecureJarResource(mekanismgenerators)]
[018月2026 03:35:10.827] [main/DEBUG] [mixin/]: Processing inject() for PlatformAgent[MixinPlatformAgentDefault:SecureJarResource(mekanism_extras)]
[018月2026 03:35:10.827] [main/DEBUG] [mixin/]: Processing inject() for PlatformAgent[MixinPlatformAgentDefault:SecureJarResource(evolvedmekanism)]
[018月2026 03:35:10.827] [main/DEBUG] [mixin/]: Processing inject() for PlatformAgent[MixinPlatformAgentDefault:SecureJarResource(emextras)]
[018月2026 03:35:10.827] [main/DEBUG] [mixin/]: Processing inject() for PlatformAgent[MixinPlatformAgentDefault:SecureJarResource(flywheel)]
[018月2026 03:35:10.827] [main/DEBUG] [mixin/]: Processing inject() for PlatformAgent[MixinPlatformAgentDefault:SecureJarResource(ponder)]
[018月2026 03:35:10.828] [main/DEBUG] [mixin/]: Processing inject() for PlatformAgent[MixinPlatformAgentDefault:SecureJarResource(duplicationless)]
[018月2026 03:35:10.828] [main/DEBUG] [mixin/]: Processing inject() for PlatformAgent[MixinPlatformAgentDefault:SecureJarResource(freecam)]
[018月2026 03:35:10.828] [main/DEBUG] [mixin/]: Processing inject() for PlatformAgent[MixinPlatformAgentDefault:SecureJarResource(entityculling)]
[018月2026 03:35:10.828] [main/DEBUG] [mixin/]: Processing inject() for PlatformAgent[MixinPlatformAgentDefault:SecureJarResource(doespotatotick)]
[018月2026 03:35:10.828] [main/DEBUG] [mixin/]: Processing inject() for PlatformAgent[MixinPlatformAgentDefault:SecureJarResource(ae2addonlib)]
[018月2026 03:35:10.828] [main/DEBUG] [mixin/]: Processing inject() for PlatformAgent[MixinPlatformAgentDefault:SecureJarResource(mekanismtools)]
[018月2026 03:35:10.828] [main/DEBUG] [mixin/]: Processing inject() for PlatformAgent[MixinPlatformAgentDefault:SecureJarResource(constructionwand)]
[018月2026 03:35:10.828] [main/DEBUG] [mixin/]: Processing inject() for PlatformAgent[MixinPlatformAgentDefault:SecureJarResource(architectury)]
[018月2026 03:35:10.828] [main/DEBUG] [mixin/]: Processing inject() for PlatformAgent[MixinPlatformAgentDefault:SecureJarResource(appleskin)]
[018月2026 03:35:10.828] [main/DEBUG] [mixin/]: Processing inject() for PlatformAgent[MixinPlatformAgentDefault:SecureJarResource(ferritecore)]
[018月2026 03:35:10.828] [main/DEBUG] [mixin/]: Processing inject() for PlatformAgent[MixinPlatformAgentDefault:SecureJarResource(yet_another_config_lib_v3)]
[018月2026 03:35:10.829] [main/DEBUG] [mixin/]: Processing inject() for PlatformAgent[MixinPlatformAgentDefault:SecureJarResource(transition)]
[018月2026 03:35:10.829] [main/DEBUG] [mixin/]: Processing inject() for PlatformAgent[MixinPlatformAgentDefault:SecureJarResource(mekanismelements)]
[018月2026 03:35:10.829] [main/DEBUG] [mixin/]: Processing inject() for PlatformAgent[MixinPlatformAgentDefault:SecureJarResource(stack_upgrade_integration)]
[018月2026 03:35:10.830] [main/DEBUG] [mixin/]: Processing inject() for PlatformAgent[MixinPlatformAgentDefault:SecureJarResource(appmek)]
[018月2026 03:35:10.830] [main/DEBUG] [mixin/]: Processing inject() for PlatformAgent[MixinPlatformAgentDefault:SecureJarResource(megacells)]
[018月2026 03:35:10.830] [main/DEBUG] [mixin/]: Processing inject() for PlatformAgent[MixinPlatformAgentDefault:SecureJarResource(effortlessbuilding)]
[018月2026 03:35:10.830] [main/DEBUG] [mixin/]: Processing inject() for PlatformAgent[MixinPlatformAgentDefault:SecureJarResource(ame_the_valine)]
[018月2026 03:35:10.830] [main/DEBUG] [mixin/]: Processing inject() for PlatformAgent[MixinPlatformAgentDefault:SecureJarResource(mclib)]
[018月2026 03:35:10.830] [main/DEBUG] [mixin/]: Processing inject() for PlatformAgent[MixinPlatformAgentDefault:SecureJarResource(org.quiltmc.parsers.json)]
[018月2026 03:35:10.830] [main/DEBUG] [mixin/]: Processing inject() for PlatformAgent[MixinPlatformAgentDefault:SecureJarResource(NanoLiveConfig)]
[018月2026 03:35:10.830] [main/DEBUG] [mixin/]: Processing inject() for PlatformAgent[MixinPlatformAgentDefault:SecureJarResource(com.twelvemonkeys.imageio.webp)]
[018月2026 03:35:10.830] [main/DEBUG] [mixin/]: Processing inject() for PlatformAgent[MixinPlatformAgentDefault:SecureJarResource(mixinextras)]
[018月2026 03:35:10.830] [main/DEBUG] [mixin/]: Processing inject() for PlatformAgent[MixinPlatformAgentDefault:SecureJarResource(UnRealConfig.gson)]
[018月2026 03:35:10.830] [main/DEBUG] [mixin/]: Processing inject() for PlatformAgent[MixinPlatformAgentDefault:SecureJarResource(com.twelvemonkeys.common.lang)]
[018月2026 03:35:10.830] [main/DEBUG] [mixin/]: Processing inject() for PlatformAgent[MixinPlatformAgentDefault:SecureJarResource(com.twelvemonkeys.imageio.metadata)]
[018月2026 03:35:10.830] [main/DEBUG] [mixin/]: Processing inject() for PlatformAgent[MixinPlatformAgentDefault:SecureJarResource(com.twelvemonkeys.common.image)]
[018月2026 03:35:10.830] [main/DEBUG] [mixin/]: Processing inject() for PlatformAgent[MixinPlatformAgentDefault:SecureJarResource(com.twelvemonkeys.imageio.core)]
[018月2026 03:35:10.830] [main/DEBUG] [mixin/]: Processing inject() for PlatformAgent[MixinPlatformAgentDefault:SecureJarResource(com.twelvemonkeys.common.io)]
[018月2026 03:35:10.831] [main/DEBUG] [mixin/]: Processing inject() for PlatformAgent[MixinPlatformAgentDefault:SecureJarResource(org.quiltmc.parsers.gson)]
[018月2026 03:35:10.831] [main/DEBUG] [mixin/]: Processing inject() for PlatformAgent[MixinPlatformAgentDefault:SecureJarResource(MixinExtras)]
[018月2026 03:35:10.831] [main/DEBUG] [mixin/]: Processing inject() for PlatformAgent[MixinPlatformAgentDefault:SecureJarResource(UnRealConfig.core)]
[018月2026 03:35:10.831] [main/INFO] [cpw.mods.modlauncher.LaunchServiceHandler/MODLAUNCHER]: Launching target 'forgeclientuserdev' with arguments [--version, MOD_DEV, --gameDir, ., --assetsDir, C:\Users\81808\.gradle\caches\forge_gradle\assets, --assetIndex, 5]
[018月2026 03:35:11.498] [main/DEBUG] [mixin/]: Error cleaning class output directory: .mixin.out
[018月2026 03:35:11.501] [main/DEBUG] [mixin/]: Preparing mixins for MixinEnvironment[DEFAULT]
[018月2026 03:35:11.501] [main/DEBUG] [mixin/]: Selecting config lithium.mixins.json
[018月2026 03:35:11.588] [main/INFO] [Radium Config/]: Loaded configuration file for Radium: 125 options available, 1 override(s) found
[018月2026 03:35:11.605] [main/DEBUG] [mixin/]: Selecting config kuma_api.mixins.json
[018月2026 03:35:11.608] [main/DEBUG] [mixin/]: Selecting config kuma_api.forge.mixins.json
[018月2026 03:35:11.610] [main/DEBUG] [mixin/]: Selecting config flatbedrock-common.mixins.json
[018月2026 03:35:11.613] [main/DEBUG] [mixin/]: Selecting config geckolib.mixins.json
[018月2026 03:35:11.616] [main/DEBUG] [mixin/]: Selecting config trender.mixins.json
[018月2026 03:35:11.621] [main/DEBUG] [mixin/]: Selecting config neat.mixins.json
[018月2026 03:35:11.626] [main/DEBUG] [mixin/]: Selecting config clumps.mixins.json
[018月2026 03:35:11.631] [main/DEBUG] [mixin/]: Selecting config immersive_optimization.mixins.json
[018月2026 03:35:11.634] [main/DEBUG] [mixin/]: Selecting config bookshelf.common.mixins.json
[018月2026 03:35:11.638] [main/DEBUG] [mixin/]: Selecting config bookshelf.forge.mixins.json
[018月2026 03:35:11.644] [main/DEBUG] [mixin/]: Selecting config clientsort.mixins.json
[018月2026 03:35:11.655] [main/DEBUG] [mixin/]: Selecting config clientsort.forge.mixins.json
[018月2026 03:35:11.660] [main/DEBUG] [mixin/]: Selecting config balm.mixins.json
[018月2026 03:35:11.664] [main/DEBUG] [mixin/]: Selecting config astral_mekanism.mixins.json
[018月2026 03:35:11.684] [main/DEBUG] [mixin/]: Selecting config staaaaaaaaaaaack.mixins.json
[018月2026 03:35:11.687] [main/DEBUG] [mixin/]: Selecting config craftingtweaks.mixins.json
[018月2026 03:35:11.696] [main/DEBUG] [mixin/]: Selecting config mousetweaks.mixins.json
[018月2026 03:35:11.701] [main/DEBUG] [mixin/]: Selecting config jade.mixins.json
[018月2026 03:35:11.709] [main/DEBUG] [mixin/]: Selecting config ae2.mixins.json
[018月2026 03:35:11.714] [main/DEBUG] [mixin/]: Selecting config mixins.aae.json
[018月2026 03:35:11.743] [main/DEBUG] [mixin/]: Selecting config mixins.appflux.json
[018月2026 03:35:11.745] [main/DEBUG] [mixin/]: Selecting config curios.mixins.json
[018月2026 03:35:11.748] [main/DEBUG] [mixin/]: Selecting config mekanism_extras.mixins.json
[018月2026 03:35:11.750] [main/DEBUG] [mixin/]: Selecting config evolvedmekanism.mixins.json
[018月2026 03:35:11.756] [main/DEBUG] [mixin/]: Selecting config emextras.mixins.json
[018月2026 03:35:11.762] [main/DEBUG] [mixin/]: Selecting config flywheel.backend.mixins.json
[018月2026 03:35:11.766] [main/DEBUG] [mixin/]: Selecting config flywheel.impl.mixins.json
[018月2026 03:35:11.772] [main/DEBUG] [mixin/]: Selecting config flywheel.impl.forge.mixins.json
[018月2026 03:35:11.776] [main/DEBUG] [mixin/]: Selecting config ponder.mixins.json
[018月2026 03:35:11.781] [main/DEBUG] [mixin/]: Selecting config ponder-common.mixins.json
[018月2026 03:35:11.787] [main/DEBUG] [mixin/]: Selecting config duplicationless.mixins.json
[018月2026 03:35:11.907] [main/DEBUG] [MixinExtras|Service/]: me.kall.duplicationless.mixinextras.service.MixinExtrasServiceImpl(version=0.5.3) is taking over from null
[018月2026 03:35:12.002] [main/DEBUG] [mixin/]: Registering new injector for @Inject with org.spongepowered.asm.mixin.injection.struct.CallbackInjectionInfo
[018月2026 03:35:12.006] [main/DEBUG] [mixin/]: Registering new injector for @ModifyArg with org.spongepowered.asm.mixin.injection.struct.ModifyArgInjectionInfo
[018月2026 03:35:12.022] [main/DEBUG] [mixin/]: Registering new injector for @ModifyArgs with org.spongepowered.asm.mixin.injection.struct.ModifyArgsInjectionInfo
[018月2026 03:35:12.045] [main/DEBUG] [mixin/]: Registering new injector for @Redirect with org.spongepowered.asm.mixin.injection.struct.RedirectInjectionInfo
[018月2026 03:35:12.051] [main/DEBUG] [mixin/]: Registering new injector for @ModifyVariable with org.spongepowered.asm.mixin.injection.struct.ModifyVariableInjectionInfo
[018月2026 03:35:12.055] [main/DEBUG] [mixin/]: Registering new injector for @ModifyConstant with org.spongepowered.asm.mixin.injection.struct.ModifyConstantInjectionInfo
[018月2026 03:35:12.099] [main/DEBUG] [mixin/]: Selecting config freecam.mixins.json
[018月2026 03:35:12.107] [main/DEBUG] [mixin/]: Selecting config entityculling.mixins.json
[018月2026 03:35:12.113] [main/DEBUG] [mixin/]: Selecting config doespotatotick.mixins.json
[018月2026 03:35:12.116] [main/DEBUG] [mixin/]: Selecting config architectury.mixins.json
[018月2026 03:35:12.121] [main/DEBUG] [mixin/]: Selecting config architectury-common.mixins.json
[018月2026 03:35:12.124] [main/DEBUG] [mixin/]: Selecting config ferritecore.predicates.mixin.json
[018月2026 03:35:12.167] [main/DEBUG] [mixin/]: Selecting config ferritecore.fastmap.mixin.json
[018月2026 03:35:12.177] [main/DEBUG] [mixin/]: Selecting config ferritecore.mrl.mixin.json
[018月2026 03:35:12.183] [main/DEBUG] [mixin/]: Selecting config ferritecore.dedupmultipart.mixin.json
[018月2026 03:35:12.187] [main/DEBUG] [mixin/]: Selecting config ferritecore.blockstatecache.mixin.json
[018月2026 03:35:12.193] [main/DEBUG] [mixin/]: Selecting config ferritecore.dedupbakedquad.mixin.json
[018月2026 03:35:12.199] [main/DEBUG] [mixin/]: Selecting config ferritecore.threaddetec.mixin.json
[018月2026 03:35:12.206] [main/DEBUG] [mixin/]: Selecting config ferritecore.modelsides.mixin.json
[018月2026 03:35:12.216] [main/DEBUG] [mixin/]: Selecting config yacl.mixins.json
[018月2026 03:35:12.220] [main/DEBUG] [mixin/]: Selecting config transition.mixins.json
[018月2026 03:35:12.227] [main/DEBUG] [mixin/]: Selecting config mekanismelements.mixins.json
[018月2026 03:35:12.231] [main/DEBUG] [mixin/]: Selecting config stack_upgrade_integration.mixins.json
[018月2026 03:35:12.236] [main/DEBUG] [mixin/]: Selecting config megacells.mixins.json
[018月2026 03:35:12.244] [main/DEBUG] [mixin/]: Selecting config megacells.forge.mixins.json
[018月2026 03:35:12.249] [main/DEBUG] [mixin/]: Selecting config mixinextras.init.mixins.json
[018月2026 03:35:12.350] [main/DEBUG] [MixinExtras|Service/]: me.kall.duplicationless.mixinextras.service.MixinExtrasServiceImpl(version=0.5.3) is conceding to com.llamalad7.mixinextras.service.MixinExtrasServiceImpl(version=0.5.4)
[018月2026 03:35:12.402] [main/DEBUG] [MixinExtras|Service/]: com.llamalad7.mixinextras.service.MixinExtrasServiceImpl(version=0.5.4) is taking over from me.kall.duplicationless.mixinextras.service.MixinExtrasServiceImpl(version=0.5.3)
[018月2026 03:35:12.410] [main/DEBUG] [mixin/]: Preparing lithium.mixins.json (220)
[018月2026 03:35:12.776] [main/WARN] [Radium Config/]: Force-disabling mixin 'alloc.blockstate.StateMixin' as option 'mixin.alloc.blockstate' (added by mods [ferritecore]) disables it and children
[018月2026 03:35:13.296] [main/DEBUG] [net.minecraftforge.coremod.transformer.CoreModBaseTransformer/COREMOD]: Transforming net/minecraft/world/entity/raid/Raid
[018月2026 03:35:14.676] [main/DEBUG] [net.minecraftforge.coremod.transformer.CoreModBaseTransformer/COREMOD]: Transforming net/minecraft/world/level/biome/Biome
[018月2026 03:35:14.724] [main/DEBUG] [mixin/]: Preparing kuma_api.mixins.json (1)
[018月2026 03:35:14.729] [main/DEBUG] [mixin/]: Preparing kuma_api.forge.mixins.json (0)
[018月2026 03:35:14.730] [main/DEBUG] [mixin/]: Preparing flatbedrock-common.mixins.json (1)
[018月2026 03:35:14.733] [main/DEBUG] [mixin/]: Preparing geckolib.mixins.json (1)
[018月2026 03:35:14.740] [main/DEBUG] [mixin/]: Preparing trender.mixins.json (2)
[018月2026 03:35:14.754] [main/DEBUG] [mixin/]: Preparing neat.mixins.json (4)
[018月2026 03:35:14.838] [main/DEBUG] [mixin/]: Preparing clumps.mixins.json (2)
[018月2026 03:35:14.850] [main/DEBUG] [mixin/]: Preparing immersive_optimization.mixins.json (7)
[018月2026 03:35:14.897] [main/DEBUG] [mixin/]: Preparing bookshelf.common.mixins.json (23)
[018月2026 03:35:14.929] [main/DEBUG] [net.minecraftforge.coremod.transformer.CoreModBaseTransformer/COREMOD]: Transforming net/minecraft/world/effect/MobEffectInstance
[018月2026 03:35:14.978] [main/DEBUG] [mixin/]: Preparing bookshelf.forge.mixins.json (1)
[018月2026 03:35:14.979] [main/DEBUG] [mixin/]: Preparing clientsort.mixins.json (13)
[018月2026 03:35:15.002] [main/DEBUG] [ClientSort (Service)/]: Loaded dev.terminalmc.clientsort.platform.ForgeServices@6def0632 for service interface dev.terminalmc.clientsort.platform.services.PlatformServices
[018月2026 03:35:15.060] [main/DEBUG] [mixin/]: Preparing clientsort.forge.mixins.json (1)
[018月2026 03:35:15.061] [main/DEBUG] [mixin/]: Preparing balm.mixins.json (16)
[018月2026 03:35:15.109] [main/DEBUG] [mixin/]: Preparing astral_mekanism.mixins.json (33)
[018月2026 03:35:15.147] [main/WARN] [mixin/]: Error loading class: io/github/masyumero/emextras/common/registry/EMExtrasBlockType (java.lang.ClassNotFoundException: io.github.masyumero.emextras.common.registry.EMExtrasBlockType)
[018月2026 03:35:15.148] [main/WARN] [mixin/]: @Mixin target io.github.masyumero.emextras.common.registry.EMExtrasBlockType was not found astral_mekanism.mixins.json:emextras.EMExtrasBlockTypeMixin
[018月2026 03:35:15.262] [main/WARN] [mixin/]: Error loading class: io/github/masyumero/morethermalevaporationcompat/common/registries/MoreThermalEvaporationCompatBlockTypes (java.lang.ClassNotFoundException: io.github.masyumero.morethermalevaporationcompat.common.registries.MoreThermalEvaporationCompatBlockTypes)
[018月2026 03:35:15.264] [main/DEBUG] [mixin/]: Skipping virtual target io.github.masyumero.morethermalevaporationcompat.common.registries.MoreThermalEvaporationCompatBlockTypes for astral_mekanism.mixins.json:morethermalevaporationcompat.MoreThermalEvaporationCompatBlockTypesMixin
[018月2026 03:35:15.269] [main/DEBUG] [mixin/]: Preparing staaaaaaaaaaaack.mixins.json (6)
[018月2026 03:35:15.279] [main/DEBUG] [net.minecraftforge.coremod.transformer.CoreModBaseTransformer/COREMOD]: Transforming net/minecraft/world/item/ItemStack
[018月2026 03:35:15.355] [main/DEBUG] [mixin/]: Preparing craftingtweaks.mixins.json (0)
[018月2026 03:35:15.355] [main/DEBUG] [mixin/]: Preparing mousetweaks.mixins.json (1)
[018月2026 03:35:15.360] [main/DEBUG] [mixin/]: Preparing jade.mixins.json (2)
[018月2026 03:35:15.366] [main/DEBUG] [mixin/]: Preparing ae2.mixins.json (18)
[018月2026 03:35:15.413] [main/DEBUG] [net.minecraftforge.coremod.transformer.CoreModBaseTransformer/COREMOD]: Transforming net/minecraft/world/level/levelgen/structure/templatesystem/StructureTemplate
[018月2026 03:35:16.148] [main/DEBUG] [mixin/]: Preparing mixins.aae.json (13)
[018月2026 03:35:16.246] [main/DEBUG] [mixin/]: Preparing mixins.appflux.json (16)
[018月2026 03:35:16.278] [main/WARN] [mixin/]: Error loading class: com/supermartijn642/wirelesschargers/ChargerBlockEntity (java.lang.ClassNotFoundException: com.supermartijn642.wirelesschargers.ChargerBlockEntity)
[018月2026 03:35:16.278] [main/WARN] [mixin/]: @Mixin target com.supermartijn642.wirelesschargers.ChargerBlockEntity was not found mixins.appflux.json:MixinChargerBlockEntity
[018月2026 03:35:16.297] [main/WARN] [mixin/]: Error loading class: com/glodblock/github/extendedae/common/blocks/BlockExInterface (java.lang.ClassNotFoundException: com.glodblock.github.extendedae.common.blocks.BlockExInterface)
[018月2026 03:35:16.297] [main/WARN] [mixin/]: @Mixin target com.glodblock.github.extendedae.common.blocks.BlockExInterface was not found mixins.appflux.json:extendedae.MixinBlockExInterface
[018月2026 03:35:16.301] [main/WARN] [mixin/]: Error loading class: com/glodblock/github/extendedae/common/blocks/BlockOversizeInterface (java.lang.ClassNotFoundException: com.glodblock.github.extendedae.common.blocks.BlockOversizeInterface)
[018月2026 03:35:16.302] [main/WARN] [mixin/]: @Mixin target com.glodblock.github.extendedae.common.blocks.BlockOversizeInterface was not found mixins.appflux.json:extendedae.MixinBlockExInterface
[018月2026 03:35:16.306] [main/WARN] [mixin/]: Error loading class: com/glodblock/github/extendedae/common/blocks/BlockExPatternProvider (java.lang.ClassNotFoundException: com.glodblock.github.extendedae.common.blocks.BlockExPatternProvider)
[018月2026 03:35:16.307] [main/WARN] [mixin/]: @Mixin target com.glodblock.github.extendedae.common.blocks.BlockExPatternProvider was not found mixins.appflux.json:extendedae.MixinBlockExPatternProvider
[018月2026 03:35:16.316] [main/WARN] [mixin/]: Error loading class: com/glodblock/github/extendedae/common/parts/PartExInterface (java.lang.ClassNotFoundException: com.glodblock.github.extendedae.common.parts.PartExInterface)
[018月2026 03:35:16.316] [main/WARN] [mixin/]: @Mixin target com.glodblock.github.extendedae.common.parts.PartExInterface was not found mixins.appflux.json:extendedae.MixinPartExInterface
[018月2026 03:35:16.321] [main/WARN] [mixin/]: Error loading class: com/glodblock/github/extendedae/common/parts/PartOversizeInterface (java.lang.ClassNotFoundException: com.glodblock.github.extendedae.common.parts.PartOversizeInterface)
[018月2026 03:35:16.321] [main/WARN] [mixin/]: @Mixin target com.glodblock.github.extendedae.common.parts.PartOversizeInterface was not found mixins.appflux.json:extendedae.MixinPartExInterface
[018月2026 03:35:16.326] [main/WARN] [mixin/]: Error loading class: com/glodblock/github/extendedae/common/parts/PartExPatternProvider (java.lang.ClassNotFoundException: com.glodblock.github.extendedae.common.parts.PartExPatternProvider)
[018月2026 03:35:16.327] [main/WARN] [mixin/]: @Mixin target com.glodblock.github.extendedae.common.parts.PartExPatternProvider was not found mixins.appflux.json:extendedae.MixinPartExPatternProvider
[018月2026 03:35:16.329] [main/DEBUG] [mixin/]: Preparing curios.mixins.json (13)
[018月2026 03:35:16.364] [main/DEBUG] [mixin/]: Preparing mekanism_extras.mixins.json (15)
[018月2026 03:35:16.396] [main/WARN] [mixin/]: Error loading class: com/jerry/mekaf/common/content/blocktype/AdvancedFactory (java.lang.ClassNotFoundException: com.jerry.mekaf.common.content.blocktype.AdvancedFactory)
[018月2026 03:35:16.397] [main/WARN] [mixin/]: @Mixin target com.jerry.mekaf.common.content.blocktype.AdvancedFactory was not found mekanism_extras.mixins.json:integration.mekaf.MixinAdvancedFactory
[018月2026 03:35:16.403] [main/WARN] [mixin/]: Error loading class: com/jerry/mekmm/common/content/blocktype/MoreMachineFactory (java.lang.ClassNotFoundException: com.jerry.mekmm.common.content.blocktype.MoreMachineFactory)
[018月2026 03:35:16.403] [main/WARN] [mixin/]: @Mixin target com.jerry.mekmm.common.content.blocktype.MoreMachineFactory was not found mekanism_extras.mixins.json:integration.mekmm.MixinMoreMachineFactory
[018月2026 03:35:16.404] [main/DEBUG] [mixin/]: Preparing evolvedmekanism.mixins.json (65)
[018月2026 03:35:16.405] [main/DEBUG] [fr.iglee42.evolvedmekanism.utils.EMMixinConfig/]: Mixin fr.iglee42.evolvedmekanism.mixins.APILangMixin -> mekanism.api.text.APILang
[018月2026 03:35:16.421] [main/DEBUG] [fr.iglee42.evolvedmekanism.utils.EMMixinConfig/]: Mixin fr.iglee42.evolvedmekanism.mixins.BlockShapesMixin -> mekanism.common.content.blocktype.BlockShapes
[018月2026 03:35:16.422] [main/DEBUG] [fr.iglee42.evolvedmekanism.utils.EMMixinConfig/]: Mixin fr.iglee42.evolvedmekanism.mixins.BlockTypeBuilderMixin -> mekanism.common.content.blocktype.BlockType$BlockTypeBuilder
[018月2026 03:35:16.423] [main/DEBUG] [fr.iglee42.evolvedmekanism.utils.EMMixinConfig/]: Mixin fr.iglee42.evolvedmekanism.mixins.EnchantmentHelperMixin -> net.minecraft.world.item.enchantment.EnchantmentHelper
[018月2026 03:35:16.424] [main/DEBUG] [fr.iglee42.evolvedmekanism.utils.EMMixinConfig/]: Mixin fr.iglee42.evolvedmekanism.mixins.FactoryContainerMixin -> mekanism.common.inventory.container.tile.FactoryContainer
[018月2026 03:35:16.426] [main/DEBUG] [fr.iglee42.evolvedmekanism.utils.EMMixinConfig/]: Mixin fr.iglee42.evolvedmekanism.mixins.FactoryTypeMixin -> mekanism.common.content.blocktype.FactoryType
[018月2026 03:35:16.428] [main/DEBUG] [fr.iglee42.evolvedmekanism.utils.EMMixinConfig/]: Mixin fr.iglee42.evolvedmekanism.mixins.IUpgradeableTransmitterMixin -> mekanism.common.content.network.transmitter.IUpgradeableTransmitter
[018月2026 03:35:16.429] [main/DEBUG] [fr.iglee42.evolvedmekanism.utils.EMMixinConfig/]: Mixin fr.iglee42.evolvedmekanism.mixins.MatrixValidatorMixin -> mekanism.common.content.matrix.MatrixValidator
[018月2026 03:35:16.430] [main/DEBUG] [fr.iglee42.evolvedmekanism.utils.EMMixinConfig/]: Mixin fr.iglee42.evolvedmekanism.mixins.MekanismBlocksMixin -> mekanism.common.registries.MekanismBlocks
[018月2026 03:35:16.432] [main/DEBUG] [fr.iglee42.evolvedmekanism.utils.EMMixinConfig/]: Mixin fr.iglee42.evolvedmekanism.mixins.MekanismBlockTypesMixin -> mekanism.common.registries.MekanismBlockTypes
[018月2026 03:35:16.433] [main/DEBUG] [fr.iglee42.evolvedmekanism.utils.EMMixinConfig/]: Mixin fr.iglee42.evolvedmekanism.mixins.MekanismLangMixin -> mekanism.common.MekanismLang
[018月2026 03:35:16.435] [main/DEBUG] [fr.iglee42.evolvedmekanism.utils.EMMixinConfig/]: Mixin fr.iglee42.evolvedmekanism.mixins.MekanismRecipeTypeMixin -> mekanism.common.recipe.MekanismRecipeType
[018月2026 03:35:16.436] [main/DEBUG] [fr.iglee42.evolvedmekanism.utils.EMMixinConfig/]: Mixin fr.iglee42.evolvedmekanism.mixins.MekanismTileEntityTypesMixin -> mekanism.common.registries.MekanismTileEntityTypes
[018月2026 03:35:16.438] [main/DEBUG] [fr.iglee42.evolvedmekanism.utils.EMMixinConfig/]: Mixin fr.iglee42.evolvedmekanism.mixins.PlayerMixin -> net.minecraft.world.entity.player.Player
[018月2026 03:35:16.446] [main/DEBUG] [fr.iglee42.evolvedmekanism.utils.EMMixinConfig/]: Mixin fr.iglee42.evolvedmekanism.mixins.TripleInputRecipeCacheMixin -> mekanism.common.recipe.lookup.cache.TripleInputRecipeCache
[018月2026 03:35:16.473] [main/DEBUG] [fr.iglee42.evolvedmekanism.utils.EMMixinConfig/]: Mixin fr.iglee42.evolvedmekanism.mixins.UpgradeMixin -> mekanism.api.Upgrade
[018月2026 03:35:16.476] [main/DEBUG] [fr.iglee42.evolvedmekanism.utils.EMMixinConfig/]: Mixin fr.iglee42.evolvedmekanism.mixins.UpgradeUtilsMixin -> mekanism.common.util.UpgradeUtils
[018月2026 03:35:16.482] [main/DEBUG] [fr.iglee42.evolvedmekanism.utils.EMMixinConfig/]: Mixin fr.iglee42.evolvedmekanism.mixins.blocks.BlockLogisticalTransporterMixin -> mekanism.common.block.transmitter.BlockLogisticalTransporter
[018月2026 03:35:16.483] [main/DEBUG] [fr.iglee42.evolvedmekanism.utils.EMMixinConfig/]: Mixin fr.iglee42.evolvedmekanism.mixins.blocks.BlockMechanicalPipeMixin -> mekanism.common.block.transmitter.BlockMechanicalPipe
[018月2026 03:35:16.484] [main/DEBUG] [fr.iglee42.evolvedmekanism.utils.EMMixinConfig/]: Mixin fr.iglee42.evolvedmekanism.mixins.blocks.BlockPressurizedTubeMixin -> mekanism.common.block.transmitter.BlockPressurizedTube
[018月2026 03:35:16.485] [main/DEBUG] [fr.iglee42.evolvedmekanism.utils.EMMixinConfig/]: Mixin fr.iglee42.evolvedmekanism.mixins.blocks.BlockThermodynamicConductorMixin -> mekanism.common.block.transmitter.BlockThermodynamicConductor
[018月2026 03:35:16.486] [main/DEBUG] [fr.iglee42.evolvedmekanism.utils.EMMixinConfig/]: Mixin fr.iglee42.evolvedmekanism.mixins.blocks.BlockUniversalCableMixin -> mekanism.common.block.transmitter.BlockUniversalCable
[018月2026 03:35:16.486] [main/DEBUG] [fr.iglee42.evolvedmekanism.utils.EMMixinConfig/]: Mixin fr.iglee42.evolvedmekanism.mixins.client.ShieldTexturesMixin -> mekanism.tools.client.ShieldTextures
[018月2026 03:35:16.488] [main/DEBUG] [fr.iglee42.evolvedmekanism.utils.EMMixinConfig/]: Mixin fr.iglee42.evolvedmekanism.mixins.client.TransmitterTypeDecoratorMixin -> mekanism.client.render.item.TransmitterTypeDecorator
[018月2026 03:35:16.490] [main/DEBUG] [fr.iglee42.evolvedmekanism.utils.EMMixinConfig/]: Mixin fr.iglee42.evolvedmekanism.mixins.containers.FactoryContainerMixin -> mekanism.common.inventory.container.tile.FactoryContainer
[018月2026 03:35:16.491] [main/DEBUG] [fr.iglee42.evolvedmekanism.utils.EMMixinConfig/]: Mixin fr.iglee42.evolvedmekanism.mixins.recipes.ItemRecipeDataInvoker -> mekanism.common.recipe.upgrade.ItemRecipeData
[018月2026 03:35:16.493] [main/DEBUG] [fr.iglee42.evolvedmekanism.utils.EMMixinConfig/]: Mixin fr.iglee42.evolvedmekanism.mixins.recipes.ItemRecipeDataMixin -> mekanism.common.recipe.upgrade.ItemRecipeData
[018月2026 03:35:16.494] [main/DEBUG] [fr.iglee42.evolvedmekanism.utils.EMMixinConfig/]: Mixin fr.iglee42.evolvedmekanism.mixins.recipes.MekanismShapedRecipeMixin -> mekanism.common.recipe.upgrade.MekanismShapedRecipe
[018月2026 03:35:16.497] [main/DEBUG] [fr.iglee42.evolvedmekanism.utils.EMMixinConfig/]: Mixin fr.iglee42.evolvedmekanism.mixins.items.GenItemTierInstallerMixin -> mekanism.common.item.ItemTierInstaller
[018月2026 03:35:16.499] [main/DEBUG] [fr.iglee42.evolvedmekanism.utils.EMMixinConfig/]: Mixin fr.iglee42.evolvedmekanism.mixins.tiers.AlloyTierMixin -> mekanism.api.tier.AlloyTier
[018月2026 03:35:16.515] [main/DEBUG] [fr.iglee42.evolvedmekanism.utils.EMMixinConfig/]: Mixin fr.iglee42.evolvedmekanism.mixins.tiers.BaseTierMixin -> mekanism.api.tier.BaseTier
[018月2026 03:35:16.523] [main/DEBUG] [fr.iglee42.evolvedmekanism.utils.EMMixinConfig/]: Mixin fr.iglee42.evolvedmekanism.mixins.tiers.FactoryTierMixin -> mekanism.common.tier.FactoryTier
[018月2026 03:35:16.534] [main/DEBUG] [fr.iglee42.evolvedmekanism.utils.EMMixinConfig/]: Mixin fr.iglee42.evolvedmekanism.mixins.tiers.cable.CableTierMixin -> mekanism.common.tier.CableTier
[018月2026 03:35:16.538] [main/DEBUG] [fr.iglee42.evolvedmekanism.utils.EMMixinConfig/]: Mixin fr.iglee42.evolvedmekanism.mixins.tiers.cable.ConductorTierMixin -> mekanism.common.tier.ConductorTier
[018月2026 03:35:16.539] [main/DEBUG] [fr.iglee42.evolvedmekanism.utils.EMMixinConfig/]: Mixin fr.iglee42.evolvedmekanism.mixins.tiers.cable.PipeTierMixin -> mekanism.common.tier.PipeTier
[018月2026 03:35:16.544] [main/DEBUG] [fr.iglee42.evolvedmekanism.utils.EMMixinConfig/]: Mixin fr.iglee42.evolvedmekanism.mixins.tiers.cable.TransporterTierMixin -> mekanism.common.tier.TransporterTier
[018月2026 03:35:16.549] [main/DEBUG] [fr.iglee42.evolvedmekanism.utils.EMMixinConfig/]: Mixin fr.iglee42.evolvedmekanism.mixins.tiers.cable.TubeTierMixin -> mekanism.common.tier.TubeTier
[018月2026 03:35:16.605] [main/DEBUG] [fr.iglee42.evolvedmekanism.utils.EMMixinConfig/]: Mixin fr.iglee42.evolvedmekanism.mixins.tiers.storage.BinTierMixin -> mekanism.common.tier.BinTier
[018月2026 03:35:16.630] [main/DEBUG] [fr.iglee42.evolvedmekanism.utils.EMMixinConfig/]: Mixin fr.iglee42.evolvedmekanism.mixins.tiers.storage.ChemicalTankTierMixin -> mekanism.common.tier.ChemicalTankTier
[018月2026 03:35:16.644] [main/DEBUG] [fr.iglee42.evolvedmekanism.utils.EMMixinConfig/]: Mixin fr.iglee42.evolvedmekanism.mixins.tiers.storage.EnergyCubeTierMixin -> mekanism.common.tier.EnergyCubeTier
[018月2026 03:35:16.646] [main/DEBUG] [fr.iglee42.evolvedmekanism.utils.EMMixinConfig/]: Mixin fr.iglee42.evolvedmekanism.mixins.tiers.storage.FluidTankTierMixin -> mekanism.common.tier.FluidTankTier
[018月2026 03:35:16.647] [main/DEBUG] [fr.iglee42.evolvedmekanism.utils.EMMixinConfig/]: Mixin fr.iglee42.evolvedmekanism.mixins.tiers.storage.InductionCellTierMixin -> mekanism.common.tier.InductionCellTier
[018月2026 03:35:16.648] [main/DEBUG] [fr.iglee42.evolvedmekanism.utils.EMMixinConfig/]: Mixin fr.iglee42.evolvedmekanism.mixins.tiers.storage.InductionProviderTierMixin -> mekanism.common.tier.InductionProviderTier
[018月2026 03:35:16.649] [main/DEBUG] [fr.iglee42.evolvedmekanism.utils.EMMixinConfig/]: Mixin fr.iglee42.evolvedmekanism.mixins.tiers.storage.QIODriveTierMixin -> mekanism.common.tier.QIODriveTier
[018月2026 03:35:16.651] [main/DEBUG] [fr.iglee42.evolvedmekanism.utils.EMMixinConfig/]: Mixin fr.iglee42.evolvedmekanism.mixins.tiles.TileEntityAdvancedSolarGeneratorMixin -> mekanism.generators.common.tile.TileEntityAdvancedSolarGenerator
[018月2026 03:35:16.652] [main/DEBUG] [fr.iglee42.evolvedmekanism.utils.EMMixinConfig/]: Mixin fr.iglee42.evolvedmekanism.mixins.tiles.TileEntityFactoryMixin -> mekanism.common.tile.factory.TileEntityFactory
[018月2026 03:35:16.653] [main/DEBUG] [fr.iglee42.evolvedmekanism.utils.EMMixinConfig/]: Mixin fr.iglee42.evolvedmekanism.mixins.tiles.TileEntityItemStackGasToItemStackFactoryMixin -> mekanism.common.tile.factory.TileEntityItemStackGasToItemStackFactory
[018月2026 03:35:16.655] [main/DEBUG] [fr.iglee42.evolvedmekanism.utils.EMMixinConfig/]: Mixin fr.iglee42.evolvedmekanism.mixins.tiles.TileEntityItemToItemFactoryMixin -> mekanism.common.tile.factory.TileEntityItemToItemFactory
[018月2026 03:35:16.656] [main/DEBUG] [fr.iglee42.evolvedmekanism.utils.EMMixinConfig/]: Mixin fr.iglee42.evolvedmekanism.mixins.tiles.TileEntityMekanismMixin -> mekanism.common.tile.base.TileEntityMekanism
[018月2026 03:35:16.662] [main/DEBUG] [fr.iglee42.evolvedmekanism.utils.EMMixinConfig/]: Mixin fr.iglee42.evolvedmekanism.mixins.tiles.TileEntityPersonalStorageMixin -> mekanism.common.tile.TileEntityPersonalStorage
[018月2026 03:35:16.664] [main/DEBUG] [fr.iglee42.evolvedmekanism.utils.EMMixinConfig/]: Mixin fr.iglee42.evolvedmekanism.mixins.tiles.TileEntitySawingFactoryMixin -> mekanism.common.tile.factory.TileEntitySawingFactory
[018月2026 03:35:16.665] [main/DEBUG] [fr.iglee42.evolvedmekanism.utils.EMMixinConfig/]: Mixin fr.iglee42.evolvedmekanism.mixins.tiles.TileEntitySolarGeneratorMixin -> mekanism.generators.common.tile.TileEntitySolarGenerator
[018月2026 03:35:16.667] [main/DEBUG] [fr.iglee42.evolvedmekanism.utils.EMMixinConfig/]: Mixin fr.iglee42.evolvedmekanism.mixins.tiles.cables.TileEntityLogisticalTransporterMixin -> mekanism.common.tile.transmitter.TileEntityLogisticalTransporter
[018月2026 03:35:16.672] [main/DEBUG] [fr.iglee42.evolvedmekanism.utils.EMMixinConfig/]: Mixin fr.iglee42.evolvedmekanism.mixins.tiles.cables.TileEntityMechanicalPipeMixin -> mekanism.common.tile.transmitter.TileEntityMechanicalPipe
[018月2026 03:35:16.675] [main/DEBUG] [fr.iglee42.evolvedmekanism.utils.EMMixinConfig/]: Mixin fr.iglee42.evolvedmekanism.mixins.tiles.cables.TileEntityPressurizedTubeMixin -> mekanism.common.tile.transmitter.TileEntityPressurizedTube
[018月2026 03:35:16.678] [main/DEBUG] [fr.iglee42.evolvedmekanism.utils.EMMixinConfig/]: Mixin fr.iglee42.evolvedmekanism.mixins.tiles.cables.TileEntityThermodynamicConductorMixin -> mekanism.common.tile.transmitter.TileEntityThermodynamicConductor
[018月2026 03:35:16.680] [main/DEBUG] [fr.iglee42.evolvedmekanism.utils.EMMixinConfig/]: Mixin fr.iglee42.evolvedmekanism.mixins.tiles.cables.TileEntityUniversalCableMixin -> mekanism.common.tile.transmitter.TileEntityUniversalCable
[018月2026 03:35:16.683] [main/DEBUG] [fr.iglee42.evolvedmekanism.utils.EMMixinConfig/]: Mixin fr.iglee42.evolvedmekanism.mixins.tiles.factories.TileEntityCombiningFactoryMixin -> mekanism.common.tile.factory.TileEntityCombiningFactory
[018月2026 03:35:16.684] [main/DEBUG] [fr.iglee42.evolvedmekanism.utils.EMMixinConfig/]: Mixin fr.iglee42.evolvedmekanism.mixins.tiles.factories.TileEntityMetallurgicInfuserFactoryMixin -> mekanism.common.tile.factory.TileEntityMetallurgicInfuserFactory
[018月2026 03:35:16.776] [main/DEBUG] [fr.iglee42.evolvedmekanism.utils.EMMixinConfig/]: Mixin fr.iglee42.evolvedmekanism.mixins.client.GuiFactoryMixin -> mekanism.client.gui.machine.GuiFactory
[018月2026 03:35:16.778] [main/DEBUG] [fr.iglee42.evolvedmekanism.utils.EMMixinConfig/]: Mixin fr.iglee42.evolvedmekanism.mixins.client.ToolsRenderMekanismShieldItemMixin -> mekanism.tools.client.render.item.RenderMekanismShieldItem
[018月2026 03:35:16.779] [main/DEBUG] [fr.iglee42.evolvedmekanism.utils.EMMixinConfig/]: Mixin fr.iglee42.evolvedmekanism.mixins.items.ItemBlockLogisticalTransporterMixin -> mekanism.common.item.block.transmitter.ItemBlockLogisticalTransporter
[018月2026 03:35:16.780] [main/DEBUG] [fr.iglee42.evolvedmekanism.utils.EMMixinConfig/]: Mixin fr.iglee42.evolvedmekanism.mixins.items.ItemBlockMechanicalPipeMixin -> mekanism.common.item.block.transmitter.ItemBlockMechanicalPipe
[018月2026 03:35:16.781] [main/DEBUG] [fr.iglee42.evolvedmekanism.utils.EMMixinConfig/]: Mixin fr.iglee42.evolvedmekanism.mixins.items.ItemBlockPressurizedTubeMixin -> mekanism.common.item.block.transmitter.ItemBlockPressurizedTube
[018月2026 03:35:16.782] [main/DEBUG] [fr.iglee42.evolvedmekanism.utils.EMMixinConfig/]: Mixin fr.iglee42.evolvedmekanism.mixins.items.ItemBlockUniversalCableMixin -> mekanism.common.item.block.transmitter.ItemBlockUniversalCable
[018月2026 03:35:16.788] [main/DEBUG] [mixin/]: Preparing emextras.mixins.json (15)
[018月2026 03:35:16.830] [main/WARN] [mixin/]: Error loading class: irislgtm/mto/MTOModClient (java.lang.ClassNotFoundException: irislgtm.mto.MTOModClient)
[018月2026 03:35:16.831] [main/WARN] [mixin/]: @Mixin target irislgtm.mto.MTOModClient was not found emextras.mixins.json:client.MixinMTOModClient
[018月2026 03:35:16.831] [main/DEBUG] [mixin/]: Preparing flywheel.backend.mixins.json (9)
[018月2026 03:35:16.920] [main/DEBUG] [mixin/]: Preparing flywheel.impl.mixins.json (15)
[018月2026 03:35:16.989] [main/DEBUG] [net.minecraftforge.coremod.transformer.CoreModBaseTransformer/COREMOD]: Transforming net/minecraft/world/entity/EntityType
[018月2026 03:35:17.128] [main/DEBUG] [mixin/]: Preparing flywheel.impl.forge.mixins.json (1)
[018月2026 03:35:17.132] [main/DEBUG] [mixin/]: Preparing ponder.mixins.json (1)
[018月2026 03:35:17.137] [main/DEBUG] [mixin/]: Preparing ponder-common.mixins.json (6)
[018月2026 03:35:17.151] [main/DEBUG] [mixin/]: Preparing duplicationless.mixins.json (10)
[018月2026 03:35:17.169] [main/DEBUG] [mixin/]: Preparing freecam.mixins.json (19)
[018月2026 03:35:17.239] [main/DEBUG] [mixin/]: Preparing entityculling.mixins.json (9)
[018月2026 03:35:17.283] [main/DEBUG] [mixin/]: @Mixin target net/minecraft/client/Minecraft is public in entityculling.mixins.json:DebugScreenEntriesAccessor and should be specified in value
[018月2026 03:35:17.284] [main/DEBUG] [mixin/]: @Mixin target net/minecraft/client/Minecraft is public in entityculling.mixins.json:LivingEntityRendererAccessor and should be specified in value
[018月2026 03:35:17.286] [main/DEBUG] [mixin/]: Preparing doespotatotick.mixins.json (8)
[018月2026 03:35:17.314] [main/DEBUG] [mixin/]: Preparing architectury.mixins.json (9)
[018月2026 03:35:17.335] [main/DEBUG] [mixin/]: Preparing architectury-common.mixins.json (10)
[018月2026 03:35:17.340] [main/DEBUG] [net.minecraftforge.coremod.transformer.CoreModBaseTransformer/COREMOD]: Transforming net/minecraft/world/item/BucketItem
[018月2026 03:35:17.361] [main/DEBUG] [net.minecraftforge.coremod.transformer.CoreModBaseTransformer/COREMOD]: Transforming net/minecraft/world/level/block/LiquidBlock
[018月2026 03:35:17.368] [main/DEBUG] [mixin/]: Preparing ferritecore.predicates.mixin.json (3)
[018月2026 03:35:17.375] [main/DEBUG] [mixin/]: Preparing ferritecore.fastmap.mixin.json (1)
[018月2026 03:35:17.380] [main/DEBUG] [mixin/]: Preparing ferritecore.mrl.mixin.json (2)
[018月2026 03:35:17.386] [main/DEBUG] [mixin/]: Preparing ferritecore.dedupmultipart.mixin.json (2)
[018月2026 03:35:17.390] [main/DEBUG] [mixin/]: Preparing ferritecore.blockstatecache.mixin.json (8)
[018月2026 03:35:17.401] [main/DEBUG] [mixin/]: Preparing ferritecore.dedupbakedquad.mixin.json (2)
[018月2026 03:35:17.405] [main/DEBUG] [mixin/]: Preparing ferritecore.threaddetec.mixin.json (1)
[018月2026 03:35:17.406] [main/DEBUG] [mixin/]: Preparing ferritecore.modelsides.mixin.json (1)
[018月2026 03:35:17.408] [main/DEBUG] [mixin/]: Preparing yacl.mixins.json (5)
[018月2026 03:35:17.419] [main/DEBUG] [mixin/]: Preparing transition.mixins.json (7)
[018月2026 03:35:17.427] [main/DEBUG] [mixin/]: @Mixin target net/minecraft/client/Minecraft is public in transition.mixins.json:EntityRenderStateMixin and should be specified in value
[018月2026 03:35:17.428] [main/DEBUG] [mixin/]: @Mixin target net/minecraft/client/Minecraft is public in transition.mixins.json:EntityRendererMixin and should be specified in value
[018月2026 03:35:17.428] [main/DEBUG] [mixin/]: @Mixin target net/minecraft/client/Minecraft is public in transition.mixins.json:BlockEntityRenderStateMixin and should be specified in value
[018月2026 03:35:17.434] [main/DEBUG] [mixin/]: Preparing mekanismelements.mixins.json (2)
[018月2026 03:35:17.455] [main/DEBUG] [mixin/]: Preparing stack_upgrade_integration.mixins.json (18)
[018月2026 03:35:17.589] [main/DEBUG] [mixin/]: Preparing megacells.mixins.json (1)
[018月2026 03:35:17.594] [main/DEBUG] [mixin/]: Preparing megacells.forge.mixins.json (2)
[018月2026 03:35:17.597] [main/DEBUG] [mixin/]: Preparing mixinextras.init.mixins.json (0)
[018月2026 03:35:17.666] [main/DEBUG] [mixin/]: Inner class me/jellysquid/mods/lithium/mixin/ai/poi/SerializingRegionBasedStorageMixin$1 in me/jellysquid/mods/lithium/mixin/ai/poi/SerializingRegionBasedStorageMixin on net/minecraft/world/level/chunk/storage/SectionStorage gets unique name net/minecraft/world/level/chunk/storage/SectionStorage$Anonymous$485a5f833fea4b0e8044a4b0d57a8911
[018月2026 03:35:17.790] [main/DEBUG] [mixin/]: Inner class me/jellysquid/mods/lithium/mixin/chunk/palette/PalettedContainerMixin$2 in me/jellysquid/mods/lithium/mixin/chunk/palette/PalettedContainerMixin on net/minecraft/world/level/chunk/PalettedContainer$Strategy gets unique name net/minecraft/world/level/chunk/PalettedContainer$Strategy$Anonymous$314b2f0372c44da19050695c86d03f1b
[018月2026 03:35:17.790] [main/DEBUG] [mixin/]: Inner class me/jellysquid/mods/lithium/mixin/chunk/palette/PalettedContainerMixin$1 in me/jellysquid/mods/lithium/mixin/chunk/palette/PalettedContainerMixin on net/minecraft/world/level/chunk/PalettedContainer$Strategy gets unique name net/minecraft/world/level/chunk/PalettedContainer$Strategy$Anonymous$8059a29935b4462fa4bf0ed2e73a072f
[018月2026 03:35:20.243] [main/DEBUG] [mixin/]: Prepared 552 mixins in 8.741 sec (15.8ms avg) (0ms load, 0ms transform, 0ms plugin)
[018月2026 03:35:20.299] [main/INFO] [MixinExtras|Service/]: Initializing MixinExtras via com.llamalad7.mixinextras.service.MixinExtrasServiceImpl(version=0.5.4).
[018月2026 03:35:20.322] [main/DEBUG] [mixin/]: Registering new injector for @SugarWrapper with com.llamalad7.mixinextras.sugar.impl.SugarWrapperInjectionInfo
[018月2026 03:35:20.324] [main/DEBUG] [mixin/]: Registering new injector for @FactoryRedirectWrapper with com.llamalad7.mixinextras.wrapper.factory.FactoryRedirectWrapperInjectionInfo
[018月2026 03:35:20.347] [main/DEBUG] [mixin/]: Registering new injector for @ExpressionInjectorWrapper with com.llamalad7.mixinextras.expression.impl.wrapper.ExpressionInjectorWrapperInjectionInfo
[018月2026 03:35:20.518] [main/DEBUG] [mixin/]: Mixing client.DrawContextAccessor from trender.mixins.json into net.minecraft.client.gui.GuiGraphics
[018月2026 03:35:20.655] [main/DEBUG] [mixin/]: Mixing GuiGraphicsMixin from ae2.mixins.json into net.minecraft.client.gui.GuiGraphics
[018月2026 03:35:20.655] [main/DEBUG] [mixin/]: ae2.mixins.json:GuiGraphicsMixin: Class version 61 required is higher than the class version supported by the current version of Mixin (JAVA_11 supports class version 55)
[018月2026 03:35:20.738] [main/FATAL] [mixin/]: Mixin apply failed ae2.mixins.json:GuiGraphicsMixin -> net.minecraft.client.gui.GuiGraphics: org.spongepowered.asm.mixin.injection.throwables.InvalidInjectionException Critical injection failure: @Inject annotation on renderGuiItem could not find any targets matching 'Lnet/minecraft/client/gui/GuiGraphics;m_280405_(Lnet/minecraft/world/entity/LivingEntity;Lnet/minecraft/world/level/Level;Lnet/minecraft/world/item/ItemStack;IIII)V' in net.minecraft.client.gui.GuiGraphics. Using refmap ae2.mixins.refmap.json [PREINJECT Applicator Phase -> ae2.mixins.json:GuiGraphicsMixin -> Prepare Injections ->  -> handler$zla000$renderGuiItem(Lnet/minecraft/world/entity/LivingEntity;Lnet/minecraft/world/level/Level;Lnet/minecraft/world/item/ItemStack;IIIILorg/spongepowered/asm/mixin/injection/callback/CallbackInfo;)V -> Parse]
org.spongepowered.asm.mixin.injection.throwables.InvalidInjectionException: Critical injection failure: @Inject annotation on renderGuiItem could not find any targets matching 'Lnet/minecraft/client/gui/GuiGraphics;m_280405_(Lnet/minecraft/world/entity/LivingEntity;Lnet/minecraft/world/level/Level;Lnet/minecraft/world/item/ItemStack;IIII)V' in net.minecraft.client.gui.GuiGraphics. Using refmap ae2.mixins.refmap.json [PREINJECT Applicator Phase -> ae2.mixins.json:GuiGraphicsMixin -> Prepare Injections ->  -> handler$zla000$renderGuiItem(Lnet/minecraft/world/entity/LivingEntity;Lnet/minecraft/world/level/Level;Lnet/minecraft/world/item/ItemStack;IIIILorg/spongepowered/asm/mixin/injection/callback/CallbackInfo;)V -> Parse]
	at org.spongepowered.asm.mixin.injection.struct.InjectionInfo.validateTargets(InjectionInfo.java:656) ~[mixin-0.8.5.jar:0.8.5+Jenkins-b310.git-155314e6e91465dad727e621a569906a410cd6f4]
	at org.spongepowered.asm.mixin.injection.struct.InjectionInfo.findTargets(InjectionInfo.java:587) ~[mixin-0.8.5.jar:0.8.5+Jenkins-b310.git-155314e6e91465dad727e621a569906a410cd6f4]
	at org.spongepowered.asm.mixin.injection.struct.InjectionInfo.readAnnotation(InjectionInfo.java:330) ~[mixin-0.8.5.jar:0.8.5+Jenkins-b310.git-155314e6e91465dad727e621a569906a410cd6f4]
	at org.spongepowered.asm.mixin.injection.struct.InjectionInfo.<init>(InjectionInfo.java:316) ~[mixin-0.8.5.jar:0.8.5+Jenkins-b310.git-155314e6e91465dad727e621a569906a410cd6f4]
	at org.spongepowered.asm.mixin.injection.struct.InjectionInfo.<init>(InjectionInfo.java:308) ~[mixin-0.8.5.jar:0.8.5+Jenkins-b310.git-155314e6e91465dad727e621a569906a410cd6f4]
	at org.spongepowered.asm.mixin.injection.struct.CallbackInjectionInfo.<init>(CallbackInjectionInfo.java:46) ~[mixin-0.8.5.jar:0.8.5+Jenkins-b310.git-155314e6e91465dad727e621a569906a410cd6f4]
	at jdk.internal.reflect.NativeConstructorAccessorImpl.newInstance0(Native Method) ~[?:?]
	at jdk.internal.reflect.NativeConstructorAccessorImpl.newInstance(NativeConstructorAccessorImpl.java:77) ~[?:?]
	at jdk.internal.reflect.DelegatingConstructorAccessorImpl.newInstance(DelegatingConstructorAccessorImpl.java:45) ~[?:?]
	at java.lang.reflect.Constructor.newInstanceWithCaller(Constructor.java:500) ~[?:?]
	at java.lang.reflect.Constructor.newInstance(Constructor.java:481) ~[?:?]
	at org.spongepowered.asm.mixin.injection.struct.InjectionInfo$InjectorEntry.create(InjectionInfo.java:149) ~[mixin-0.8.5.jar:0.8.5+Jenkins-b310.git-155314e6e91465dad727e621a569906a410cd6f4]
	at org.spongepowered.asm.mixin.injection.struct.InjectionInfo.parse(InjectionInfo.java:708) ~[mixin-0.8.5.jar:0.8.5+Jenkins-b310.git-155314e6e91465dad727e621a569906a410cd6f4]
	at org.spongepowered.asm.mixin.transformer.MixinTargetContext.prepareInjections(MixinTargetContext.java:1311) ~[mixin-0.8.5.jar:0.8.5+Jenkins-b310.git-155314e6e91465dad727e621a569906a410cd6f4]
	at org.spongepowered.asm.mixin.transformer.MixinApplicatorStandard.prepareInjections(MixinApplicatorStandard.java:1042) ~[mixin-0.8.5.jar:0.8.5+Jenkins-b310.git-155314e6e91465dad727e621a569906a410cd6f4]
	at org.spongepowered.asm.mixin.transformer.MixinApplicatorStandard.applyMixin(MixinApplicatorStandard.java:393) ~[mixin-0.8.5.jar:0.8.5+Jenkins-b310.git-155314e6e91465dad727e621a569906a410cd6f4]
	at org.spongepowered.asm.mixin.transformer.MixinApplicatorStandard.apply(MixinApplicatorStandard.java:325) ~[mixin-0.8.5.jar:0.8.5+Jenkins-b310.git-155314e6e91465dad727e621a569906a410cd6f4]
	at org.spongepowered.asm.mixin.transformer.TargetClassContext.apply(TargetClassContext.java:383) ~[mixin-0.8.5.jar:0.8.5+Jenkins-b310.git-155314e6e91465dad727e621a569906a410cd6f4]
	at org.spongepowered.asm.mixin.transformer.TargetClassContext.applyMixins(TargetClassContext.java:365) ~[mixin-0.8.5.jar:0.8.5+Jenkins-b310.git-155314e6e91465dad727e621a569906a410cd6f4]
	at org.spongepowered.asm.mixin.transformer.MixinProcessor.applyMixins(MixinProcessor.java:363) ~[mixin-0.8.5.jar:0.8.5+Jenkins-b310.git-155314e6e91465dad727e621a569906a410cd6f4]
	at org.spongepowered.asm.mixin.transformer.MixinTransformer.transformClass(MixinTransformer.java:250) ~[mixin-0.8.5.jar:0.8.5+Jenkins-b310.git-155314e6e91465dad727e621a569906a410cd6f4]
	at org.spongepowered.asm.service.modlauncher.MixinTransformationHandler.processClass(MixinTransformationHandler.java:131) ~[mixin-0.8.5.jar:0.8.5+Jenkins-b310.git-155314e6e91465dad727e621a569906a410cd6f4]
	at org.spongepowered.asm.launch.MixinLaunchPluginLegacy.processClass(MixinLaunchPluginLegacy.java:131) ~[mixin-0.8.5.jar:0.8.5+Jenkins-b310.git-155314e6e91465dad727e621a569906a410cd6f4]
	at cpw.mods.modlauncher.serviceapi.ILaunchPluginService.processClassWithFlags(ILaunchPluginService.java:156) ~[modlauncher-10.0.9.jar:10.0.9+10.0.9+main.dcd20f30]
	at cpw.mods.modlauncher.LaunchPluginHandler.offerClassNodeToPlugins(LaunchPluginHandler.java:88) ~[modlauncher-10.0.9.jar:?]
	at cpw.mods.modlauncher.ClassTransformer.transform(ClassTransformer.java:120) ~[modlauncher-10.0.9.jar:?]
	at cpw.mods.modlauncher.TransformingClassLoader.maybeTransformClassBytes(TransformingClassLoader.java:50) ~[modlauncher-10.0.9.jar:?]
	at cpw.mods.cl.ModuleClassLoader.readerToClass(ModuleClassLoader.java:113) ~[securejarhandler-2.1.10.jar:?]
	at cpw.mods.cl.ModuleClassLoader.lambda$findClass$15(ModuleClassLoader.java:219) ~[securejarhandler-2.1.10.jar:?]
	at cpw.mods.cl.ModuleClassLoader.loadFromModule(ModuleClassLoader.java:229) ~[securejarhandler-2.1.10.jar:?]
	at cpw.mods.cl.ModuleClassLoader.findClass(ModuleClassLoader.java:219) ~[securejarhandler-2.1.10.jar:?]
	at cpw.mods.cl.ModuleClassLoader.loadClass(ModuleClassLoader.java:135) ~[securejarhandler-2.1.10.jar:?]
	at java.lang.ClassLoader.loadClass(ClassLoader.java:525) ~[?:?]
	at java.lang.Class.getDeclaredMethods0(Native Method) ~[?:?]
	at java.lang.Class.privateGetDeclaredMethods(Class.java:3404) ~[?:?]
	at java.lang.Class.privateGetPublicMethods(Class.java:3429) ~[?:?]
	at java.lang.Class.getMethods(Class.java:2021) ~[?:?]
	at net.minecraftforge.fml.earlydisplay.DisplayWindow.updateModuleReads(DisplayWindow.java:616) ~[fmlearlydisplay-1.20.1-47.4.22.jar:1.0]
	at net.minecraftforge.fml.loading.ImmediateWindowHandler$Wrapper.updateModuleReads(ImmediateWindowHandler.java:243) ~[fmlloader-1.20.1-47.4.22.jar:1.0]
	at net.minecraftforge.fml.loading.ImmediateWindowHandler.acceptGameLayer(ImmediateWindowHandler.java:89) ~[fmlloader-1.20.1-47.4.22.jar:1.0]
	at net.minecraftforge.fml.loading.FMLLoader.beforeStart(FMLLoader.java:216) ~[fmlloader-1.20.1-47.4.22.jar:1.0]
	at net.minecraftforge.fml.loading.targets.CommonLaunchHandler.launchService(CommonLaunchHandler.java:92) ~[fmlloader-1.20.1-47.4.22.jar:?]
	at cpw.mods.modlauncher.LaunchServiceHandlerDecorator.launch(LaunchServiceHandlerDecorator.java:30) ~[modlauncher-10.0.9.jar:?]
	at cpw.mods.modlauncher.LaunchServiceHandler.launch(LaunchServiceHandler.java:53) ~[modlauncher-10.0.9.jar:?]
	at cpw.mods.modlauncher.LaunchServiceHandler.launch(LaunchServiceHandler.java:71) ~[modlauncher-10.0.9.jar:?]
	at cpw.mods.modlauncher.Launcher.run(Launcher.java:108) ~[modlauncher-10.0.9.jar:?]
	at cpw.mods.modlauncher.Launcher.main(Launcher.java:78) ~[modlauncher-10.0.9.jar:?]
	at cpw.mods.modlauncher.BootstrapLaunchConsumer.accept(BootstrapLaunchConsumer.java:26) ~[modlauncher-10.0.9.jar:?]
	at cpw.mods.modlauncher.BootstrapLaunchConsumer.accept(BootstrapLaunchConsumer.java:23) ~[modlauncher-10.0.9.jar:?]
	at cpw.mods.bootstraplauncher.BootstrapLauncher.main(BootstrapLauncher.java:141) ~[bootstraplauncher-1.1.2.jar:?]
[018月2026 03:35:21.047] [main/ERROR] [net.minecraftforge.fml.loading.ImmediateWindowHandler/]: Failed to call provider.updateModuleReads
org.spongepowered.asm.mixin.transformer.throwables.MixinTransformerError: An unexpected critical error was encountered
	at org.spongepowered.asm.mixin.transformer.MixinProcessor.applyMixins(MixinProcessor.java:392) ~[mixin-0.8.5.jar:0.8.5+Jenkins-b310.git-155314e6e91465dad727e621a569906a410cd6f4]
	at org.spongepowered.asm.mixin.transformer.MixinTransformer.transformClass(MixinTransformer.java:250) ~[mixin-0.8.5.jar:0.8.5+Jenkins-b310.git-155314e6e91465dad727e621a569906a410cd6f4]
	at org.spongepowered.asm.service.modlauncher.MixinTransformationHandler.processClass(MixinTransformationHandler.java:131) ~[mixin-0.8.5.jar:0.8.5+Jenkins-b310.git-155314e6e91465dad727e621a569906a410cd6f4]
	at org.spongepowered.asm.launch.MixinLaunchPluginLegacy.processClass(MixinLaunchPluginLegacy.java:131) ~[mixin-0.8.5.jar:0.8.5+Jenkins-b310.git-155314e6e91465dad727e621a569906a410cd6f4]
	at cpw.mods.modlauncher.serviceapi.ILaunchPluginService.processClassWithFlags(ILaunchPluginService.java:156) ~[modlauncher-10.0.9.jar:10.0.9+10.0.9+main.dcd20f30]
	at cpw.mods.modlauncher.LaunchPluginHandler.offerClassNodeToPlugins(LaunchPluginHandler.java:88) ~[modlauncher-10.0.9.jar:?]
	at cpw.mods.modlauncher.ClassTransformer.transform(ClassTransformer.java:120) ~[modlauncher-10.0.9.jar:?]
	at cpw.mods.modlauncher.TransformingClassLoader.maybeTransformClassBytes(TransformingClassLoader.java:50) ~[modlauncher-10.0.9.jar:?]
	at cpw.mods.cl.ModuleClassLoader.readerToClass(ModuleClassLoader.java:113) ~[securejarhandler-2.1.10.jar:?]
	at cpw.mods.cl.ModuleClassLoader.lambda$findClass$15(ModuleClassLoader.java:219) ~[securejarhandler-2.1.10.jar:?]
	at cpw.mods.cl.ModuleClassLoader.loadFromModule(ModuleClassLoader.java:229) ~[securejarhandler-2.1.10.jar:?]
	at cpw.mods.cl.ModuleClassLoader.findClass(ModuleClassLoader.java:219) ~[securejarhandler-2.1.10.jar:?]
	at cpw.mods.cl.ModuleClassLoader.loadClass(ModuleClassLoader.java:135) ~[securejarhandler-2.1.10.jar:?]
	at java.lang.ClassLoader.loadClass(ClassLoader.java:525) ~[?:?]
	at java.lang.Class.getDeclaredMethods0(Native Method) ~[?:?]
	at java.lang.Class.privateGetDeclaredMethods(Class.java:3404) ~[?:?]
	at java.lang.Class.privateGetPublicMethods(Class.java:3429) ~[?:?]
	at java.lang.Class.getMethods(Class.java:2021) ~[?:?]
	at net.minecraftforge.fml.earlydisplay.DisplayWindow.updateModuleReads(DisplayWindow.java:616) ~[fmlearlydisplay-1.20.1-47.4.22.jar:1.0]
	at net.minecraftforge.fml.loading.ImmediateWindowHandler$Wrapper.updateModuleReads(ImmediateWindowHandler.java:243) ~[fmlloader-1.20.1-47.4.22.jar:1.0]
	at net.minecraftforge.fml.loading.ImmediateWindowHandler.acceptGameLayer(ImmediateWindowHandler.java:89) ~[fmlloader-1.20.1-47.4.22.jar:1.0]
	at net.minecraftforge.fml.loading.FMLLoader.beforeStart(FMLLoader.java:216) ~[fmlloader-1.20.1-47.4.22.jar:1.0]
	at net.minecraftforge.fml.loading.targets.CommonLaunchHandler.launchService(CommonLaunchHandler.java:92) ~[fmlloader-1.20.1-47.4.22.jar:?]
	at cpw.mods.modlauncher.LaunchServiceHandlerDecorator.launch(LaunchServiceHandlerDecorator.java:30) ~[modlauncher-10.0.9.jar:?]
	at cpw.mods.modlauncher.LaunchServiceHandler.launch(LaunchServiceHandler.java:53) ~[modlauncher-10.0.9.jar:?]
	at cpw.mods.modlauncher.LaunchServiceHandler.launch(LaunchServiceHandler.java:71) ~[modlauncher-10.0.9.jar:?]
	at cpw.mods.modlauncher.Launcher.run(Launcher.java:108) ~[modlauncher-10.0.9.jar:?]
	at cpw.mods.modlauncher.Launcher.main(Launcher.java:78) ~[modlauncher-10.0.9.jar:?]
	at cpw.mods.modlauncher.BootstrapLaunchConsumer.accept(BootstrapLaunchConsumer.java:26) ~[modlauncher-10.0.9.jar:?]
	at cpw.mods.modlauncher.BootstrapLaunchConsumer.accept(BootstrapLaunchConsumer.java:23) ~[modlauncher-10.0.9.jar:?]
	at cpw.mods.bootstraplauncher.BootstrapLauncher.main(BootstrapLauncher.java:141) ~[bootstraplauncher-1.1.2.jar:?]
Caused by: org.spongepowered.asm.mixin.throwables.MixinApplyError: Mixin [ae2.mixins.json:GuiGraphicsMixin] from phase [DEFAULT] in config [ae2.mixins.json] FAILED during APPLY
	at org.spongepowered.asm.mixin.transformer.MixinProcessor.handleMixinError(MixinProcessor.java:636) ~[mixin-0.8.5.jar:0.8.5+Jenkins-b310.git-155314e6e91465dad727e621a569906a410cd6f4]
	at org.spongepowered.asm.mixin.transformer.MixinProcessor.handleMixinApplyError(MixinProcessor.java:588) ~[mixin-0.8.5.jar:0.8.5+Jenkins-b310.git-155314e6e91465dad727e621a569906a410cd6f4]
	at org.spongepowered.asm.mixin.transformer.MixinProcessor.applyMixins(MixinProcessor.java:379) ~[mixin-0.8.5.jar:0.8.5+Jenkins-b310.git-155314e6e91465dad727e621a569906a410cd6f4]
	... 30 more
Caused by: org.spongepowered.asm.mixin.injection.throwables.InvalidInjectionException: Critical injection failure: @Inject annotation on renderGuiItem could not find any targets matching 'Lnet/minecraft/client/gui/GuiGraphics;m_280405_(Lnet/minecraft/world/entity/LivingEntity;Lnet/minecraft/world/level/Level;Lnet/minecraft/world/item/ItemStack;IIII)V' in net.minecraft.client.gui.GuiGraphics. Using refmap ae2.mixins.refmap.json [PREINJECT Applicator Phase -> ae2.mixins.json:GuiGraphicsMixin -> Prepare Injections ->  -> handler$zla000$renderGuiItem(Lnet/minecraft/world/entity/LivingEntity;Lnet/minecraft/world/level/Level;Lnet/minecraft/world/item/ItemStack;IIIILorg/spongepowered/asm/mixin/injection/callback/CallbackInfo;)V -> Parse]
	at org.spongepowered.asm.mixin.injection.struct.InjectionInfo.validateTargets(InjectionInfo.java:656) ~[mixin-0.8.5.jar:0.8.5+Jenkins-b310.git-155314e6e91465dad727e621a569906a410cd6f4]
	at org.spongepowered.asm.mixin.injection.struct.InjectionInfo.findTargets(InjectionInfo.java:587) ~[mixin-0.8.5.jar:0.8.5+Jenkins-b310.git-155314e6e91465dad727e621a569906a410cd6f4]
	at org.spongepowered.asm.mixin.injection.struct.InjectionInfo.readAnnotation(InjectionInfo.java:330) ~[mixin-0.8.5.jar:0.8.5+Jenkins-b310.git-155314e6e91465dad727e621a569906a410cd6f4]
	at org.spongepowered.asm.mixin.injection.struct.InjectionInfo.<init>(InjectionInfo.java:316) ~[mixin-0.8.5.jar:0.8.5+Jenkins-b310.git-155314e6e91465dad727e621a569906a410cd6f4]
	at org.spongepowered.asm.mixin.injection.struct.InjectionInfo.<init>(InjectionInfo.java:308) ~[mixin-0.8.5.jar:0.8.5+Jenkins-b310.git-155314e6e91465dad727e621a569906a410cd6f4]
	at org.spongepowered.asm.mixin.injection.struct.CallbackInjectionInfo.<init>(CallbackInjectionInfo.java:46) ~[mixin-0.8.5.jar:0.8.5+Jenkins-b310.git-155314e6e91465dad727e621a569906a410cd6f4]
	at jdk.internal.reflect.NativeConstructorAccessorImpl.newInstance0(Native Method) ~[?:?]
	at jdk.internal.reflect.NativeConstructorAccessorImpl.newInstance(NativeConstructorAccessorImpl.java:77) ~[?:?]
	at jdk.internal.reflect.DelegatingConstructorAccessorImpl.newInstance(DelegatingConstructorAccessorImpl.java:45) ~[?:?]
	at java.lang.reflect.Constructor.newInstanceWithCaller(Constructor.java:500) ~[?:?]
	at java.lang.reflect.Constructor.newInstance(Constructor.java:481) ~[?:?]
	at org.spongepowered.asm.mixin.injection.struct.InjectionInfo$InjectorEntry.create(InjectionInfo.java:149) ~[mixin-0.8.5.jar:0.8.5+Jenkins-b310.git-155314e6e91465dad727e621a569906a410cd6f4]
	at org.spongepowered.asm.mixin.injection.struct.InjectionInfo.parse(InjectionInfo.java:708) ~[mixin-0.8.5.jar:0.8.5+Jenkins-b310.git-155314e6e91465dad727e621a569906a410cd6f4]
	at org.spongepowered.asm.mixin.transformer.MixinTargetContext.prepareInjections(MixinTargetContext.java:1311) ~[mixin-0.8.5.jar:0.8.5+Jenkins-b310.git-155314e6e91465dad727e621a569906a410cd6f4]
	at org.spongepowered.asm.mixin.transformer.MixinApplicatorStandard.prepareInjections(MixinApplicatorStandard.java:1042) ~[mixin-0.8.5.jar:0.8.5+Jenkins-b310.git-155314e6e91465dad727e621a569906a410cd6f4]
	at org.spongepowered.asm.mixin.transformer.MixinApplicatorStandard.applyMixin(MixinApplicatorStandard.java:393) ~[mixin-0.8.5.jar:0.8.5+Jenkins-b310.git-155314e6e91465dad727e621a569906a410cd6f4]
	at org.spongepowered.asm.mixin.transformer.MixinApplicatorStandard.apply(MixinApplicatorStandard.java:325) ~[mixin-0.8.5.jar:0.8.5+Jenkins-b310.git-155314e6e91465dad727e621a569906a410cd6f4]
	at org.spongepowered.asm.mixin.transformer.TargetClassContext.apply(TargetClassContext.java:383) ~[mixin-0.8.5.jar:0.8.5+Jenkins-b310.git-155314e6e91465dad727e621a569906a410cd6f4]
	at org.spongepowered.asm.mixin.transformer.TargetClassContext.applyMixins(TargetClassContext.java:365) ~[mixin-0.8.5.jar:0.8.5+Jenkins-b310.git-155314e6e91465dad727e621a569906a410cd6f4]
	at org.spongepowered.asm.mixin.transformer.MixinProcessor.applyMixins(MixinProcessor.java:363) ~[mixin-0.8.5.jar:0.8.5+Jenkins-b310.git-155314e6e91465dad727e621a569906a410cd6f4]
	... 30 more
